-- MariaDB dump 10.19  Distrib 10.5.12-MariaDB, for debian-linux-gnu (x86_64)
--
-- Host: localhost    Database: tweets
-- ------------------------------------------------------
-- Server version	10.5.12-MariaDB-0+deb11u1

/*!40101 SET @OLD_CHARACTER_SET_CLIENT=@@CHARACTER_SET_CLIENT */;
/*!40101 SET @OLD_CHARACTER_SET_RESULTS=@@CHARACTER_SET_RESULTS */;
/*!40101 SET @OLD_COLLATION_CONNECTION=@@COLLATION_CONNECTION */;
/*!40101 SET NAMES utf8mb4 */;
/*!40103 SET @OLD_TIME_ZONE=@@TIME_ZONE */;
/*!40103 SET TIME_ZONE='+00:00' */;
/*!40014 SET @OLD_UNIQUE_CHECKS=@@UNIQUE_CHECKS, UNIQUE_CHECKS=0 */;
/*!40014 SET @OLD_FOREIGN_KEY_CHECKS=@@FOREIGN_KEY_CHECKS, FOREIGN_KEY_CHECKS=0 */;
/*!40101 SET @OLD_SQL_MODE=@@SQL_MODE, SQL_MODE='NO_AUTO_VALUE_ON_ZERO' */;
/*!40111 SET @OLD_SQL_NOTES=@@SQL_NOTES, SQL_NOTES=0 */;

--
-- Table structure for table `Modulo`
--

DROP TABLE IF EXISTS `Modulo`;
/*!40101 SET @saved_cs_client     = @@character_set_client */;
/*!40101 SET character_set_client = utf8 */;
CREATE TABLE `Modulo` (
  `idModulo` tinyint(3) unsigned NOT NULL AUTO_INCREMENT,
  `nombre` varchar(200) DEFAULT NULL,
  `latitud` double DEFAULT NULL,
  `longitud` double DEFAULT NULL,
  PRIMARY KEY (`idModulo`)
) ENGINE=MyISAM AUTO_INCREMENT=114 DEFAULT CHARSET=utf8mb4;
/*!40101 SET character_set_client = @saved_cs_client */;

--
-- Dumping data for table `Modulo`
--

LOCK TABLES `Modulo` WRITE;
/*!40000 ALTER TABLE `Modulo` DISABLE KEYS */;
INSERT INTO `Modulo` VALUES (1,'Escuela Superior de Educación Física',19.40792513,-99.10046371),(2,'Palacio de los Deportes',19.40289458,-99.09764077),(3,'Bosque de Tláhuac',19.28774575,-99.05204404),(4,'Nuevo Hospital General del ISSSTE',19.27989101,-99.05044155),(5,'Escuela Nacional Preparatoria No. 1 Gabino Barreda UNAM',19.27212039,-99.1213183),(6,'Centro Deportivo Xochimilco',19.25450336,-99.10843636),(7,'SITIO DE CUAUTLA',19.3551,-99.2871),(8,'XOCHIQUETZAL',19.3699,-99.291),(9,'CALMECAC',19.3701,-99.2846),(10,'INVESTIGACION EDUCATIVA',19.3705,-99.2803),(11,'CARLOS MARIA BUSTAMANTE',19.3726,-99.2883),(12,'DR CONRADO MENENDEZ MENA',19.3825,-99.2553),(13,'ESCUELA PRIMARIA MANUAL ACUÑA',19.37025179,-99.28532605),(14,'JOSE RAMÓN MANTEROLA',19.35666692,-99.29822089),(15,'BENITO JUAREZ',19.3285,-99.3306),(16,'ESCUELA SECUNDARIA JOSÉ ANTONIO CARRILLO FLORES N°289',19.34821817,-99.31733734),(17,'JOSE LUIS VIEYRA GONZALEZ',19.3533,-99.296),(18,'KALPILLI',19.3604,-99.297),(19,'MAESTRO JUSTO SIERRA',19.308,-99.3351),(20,'MAESTROS DE MEXICO',19.3425,-99.2824),(21,'VICENTE GUERRERO',19.3429,-99.2804),(22,'NIQOS HEROES',19.3447,-99.3125),(23,'ANTONIO CASTRO LEAL',19.3473,-99.2996),(24,'ESCUELA SECUNDARIA TECNICA 48',19.37564499,-99.28731364),(25,'Acopilco',19.333439,-99.326466),(26,'Cuajimalpa',19.356861,-99.297495),(27,'UMF-UMAA 42 Cuajimalpa',19.3645,-99.2933),(28,'IEMS Plantel Josefa Ortiz de Domínguez',19.361908,-99.285902),(29,'La Navidad',19.3751,-99.2834),(30,'RUBEN DARIO',19.3164,-99.242),(31,'JOSÉ MARÍA VELASCO',19.317,-99.2395),(32,'JOSE GUADALUPE POSADA',19.3203,-99.2404),(33,'PROFRA MA ADELINA FLORES MORALES',19.3251,-99.2496),(34,'LIDICE',19.326,-99.2247),(35,'JOSEFA ORTIZ DE DOMINGUEZ',19.3292,-99.2124),(36,'PROCERES DE LA REVOLUCION',19.3345,-99.2098),(37,'DR EDUARDO LICEAGA',19.3021,-99.2704),(38,'ARQUIMEDES CABALLERO CABALLERO',19.3049,-99.2664),(39,'PROFRA LEONOR LEAQOS NAVARRO',19.3093,-99.2651),(40,'ALFONSO REYES',19.3134,-99.2567),(41,'ENRIQUE RODRIGUEZ CANO',19.2979,-99.2451),(42,'FRANCISCO NICODEMO',19.3052,-99.2381),(43,'MARTÍN LUIS GUZMÁN',19.3009,-99.2573),(44,'ALFREDO E URUCHURTU',19.3064,-99.2477),(45,'JUVENTINO ROSAS',19.3067,-99.2335),(46,'CORONEL NICOLAS ROMERO',19.3067,-99.2499),(47,'LUIS DONALDO COLOSIO MURRIETA',19.3073,-99.2363),(48,'CARLOS DE SIGUENZA Y GONGORA',19.3107,-99.2452),(49,'PROFR RAFAEL HERNANDEZ LOPEZ',19.3122,-99.2546),(50,'ESCUELA PRIMARIA HEROES DE PADIERNA',19.3153,-99.2264),(51,'ITZJAK RABIN',19.3153,-99.249),(52,'DR NABOR CARRILLO FLORES',19.317,-99.2492),(53,'MAESTRO RAFAEL RAMIREZ',19.3179,-99.2291),(54,'REPUBLICA DEL PERU',19.3207,-99.2238),(55,'ESCUELA PRIMARIA XICOTENCATL',19.3132,-99.256),(56,'C.S.T-I SAN NICOLÁS TOTOLAPAN',19.2983,-99.2434),(57,'ESCUELA PRIMARIA PROFR. SIMITRIO RAMIREZ HERNANDEZ',19.3118,-99.2605),(58,'UMF 140 La Teja',19.3042,-99.2485),(59,'ESCUELA PRIMARIA ALFREDO E. URUCHURTU',19.3053,-99.241),(60,'ESCUELA PRIMARIA MAESTROS MEXICANOS',19.3098,-99.2304),(61,'ESCUELA PRIMARIA CUAUHTEMOC',19.3199,-99.2445),(62,'UMF 22 Independecia',19.331,-99.2179),(63,'ESCUELA PRIMARIA AGUSTIN LEGORRETA',19.2187876,-98.99539754),(64,'SIERRA LEONA',19.193,-99.0073),(65,'PRIMARIA PROGRESO CAMPESINO',19.17517536,-99.03423322),(66,'CULTURA AZTECA',19.1879,-99.0216),(67,'JARDIN DE NIÑOS CALNAHUATL',19.19043944,-99.02852908),(68,'ESCUELA SECUNDARIA TECNICA 18',19.1832,-99.0712),(69,'ESCUELA PRIMARIA PINTOR DIEGO RIVERA',19.19250365,-99.08954299),(70,'ESCUELA PRIMARIA BENITO JUAREZ',19.20587658,-99.06915025),(71,'San Salvador Cuauhtenco',19.191734,-99.091828),(72,'San Pablo Oztotepec',19.1874,-99.0731),(73,'Dr. Luis  Erosa León',19.2031,-99.0466),(74,'Escuela Secundaria N°37 EMILIANO ZAPATA',19.188537,-99.024266),(75,'Dr. Gastón Melo',19.22038,-98.99553),(76,'Santa Ana Tlacotenco',19.17293,-98.99455),(77,'Benemérita Escuela Nacional de Maestros',19.4468619868141,-99.1683351833857),(78,'Campo Marte',19.4247637086059,-99.1972820177831),(79,'Arena Ciudad de México',19.4978651129392,-99.1751012455615),(80,'UAM Azcapotzalco',19.5040001259723,-99.1869685452568),(81,'Antiguas instalaciones de la Primera Región Militar (colonia Aviación Civil)',19.4191443530711,-99.0762714602185),(82,'Internado No. 17 de ña Secretaría de Educación Pública Francisco I. Madero',19.4435484358356,-99.1160660602181),(83,'Centro de Estudios Superiores en Ciencias de la Salud (CENCIS-Marina)',19.3198028600395,-99.1171925663255),(84,'Centro de Exposiciones de Ciudad Universitaria',19.31002726,-99.1769417),(85,'Universidad Autónoma Metropolitana (UAM) Xochimilco',19.30435633,-99.10160295),(86,'Escuela Nacional Preparatoria N° 5 \"José Vasconcelos\" UNAM',19.30794538,-99.13416566),(87,'Plantel Otilio Montaño - Tlalpan 2 (Topilejo) del Instituto de Educación Media Superior de la Ciudad de México',19.20238464,-99.14930168),(88,'Six Flags México',19.2958487,-99.21062957),(89,'Universidad La Salle',19.40888893,-99.18086442),(90,'Biblioteca Vasconcelos',19.44750555,-99.15065602),(91,'Escuela Primaria Benito Juárez',19.40972598,-99.15915906),(92,'Estadio Olímpico Universitario',19.33254018,-99.19119064),(93,'Deportivo Plateros',19.36881565,-99.19495267),(94,'Expo Santa Fe México',19.36336805,-99.26237597),(95,'Universidad de la Policía de la CDMX (Acceso 1)',19.33704746,-99.24956968),(96,'Pepsi Center / World Trade Center',19.39504623,-99.17429988),(97,'Alberca Olímpica Francisco Márquez',19.35885138,-99.15370345),(98,'Centro Universitario México',19.38972135,-99.16078623),(99,'Deportivo Hermanos Galeana',19.4734245,-99.07499645),(100,'Ciudad Deportiva Carmen Serdán',19.55311662,-99.14603505),(101,'Escuela Nacional Preparatoria N° 9 \"Pedro de Alba\" UNAM',19.4838658,-99.12771386),(102,'ENCB - Escuela Nacional de Ciencias Biológicas Unidad Zacatenco - IPN',19.49880124,-99.14571374),(103,'Centro Cultural Jaime Torres Bodet / Zacatenco',19.49630693,-99.13511517),(104,'Escuela Secundaria Diurna N° 85 \"República de Francia\"',19.45090853,-99.08128156),(105,'Sede de Servicios de Transportes Electricos',19.36809263,-99.13280974),(106,'Universidad Autónoma Metropolitana Unidad Iztapalapa',19.36201476539,-99.070944611888),(107,'Deportivo Santa Cruz Meyehualco (Calle 71 esquina Av. 6)',19.36681146,-99.0594455),(108,'Facultad de Estudios Superiores Zaragoza UNAM Campus I',19.38484447,-99.03634386),(109,'Deportivo Santa Cruz Meyehualco / Campo Baseball',19.34977041,-99.04808653),(110,'Centro de Estudios Científicos y Tecnológicos N° 7 \"Cuauhtémoc\" IPN / (Vocacional 7)',19.3450887,-99.02618418),(111,'Unidad Habitacional Militar El Vergel',19.31396069,-99.08006432),(112,'Palacio de los Deportes (Pabellones)',19.40575925,-99.09822871),(113,'Deportivo Milpa Alta',19.2000606283582,-99.026650535165);
/*!40000 ALTER TABLE `Modulo` ENABLE KEYS */;
UNLOCK TABLES;

--
-- Table structure for table `Sentimientos`
--

DROP TABLE IF EXISTS `Sentimientos`;
/*!40101 SET @saved_cs_client     = @@character_set_client */;
/*!40101 SET character_set_client = utf8 */;
CREATE TABLE `Sentimientos` (
  `idSentimientos` tinyint(3) unsigned NOT NULL AUTO_INCREMENT,
  `descripcion` varchar(45) DEFAULT NULL,
  PRIMARY KEY (`idSentimientos`)
) ENGINE=MyISAM AUTO_INCREMENT=4 DEFAULT CHARSET=utf8mb4;
/*!40101 SET character_set_client = @saved_cs_client */;

--
-- Dumping data for table `Sentimientos`
--

LOCK TABLES `Sentimientos` WRITE;
/*!40000 ALTER TABLE `Sentimientos` DISABLE KEYS */;
INSERT INTO `Sentimientos` VALUES (1,'Positivo'),(2,'Neutro'),(3,'Negativo');
/*!40000 ALTER TABLE `Sentimientos` ENABLE KEYS */;
UNLOCK TABLES;

--
-- Table structure for table `Tweets`
--

DROP TABLE IF EXISTS `Tweets`;
/*!40101 SET @saved_cs_client     = @@character_set_client */;
/*!40101 SET character_set_client = utf8 */;
CREATE TABLE `Tweets` (
  `idTweets` int(10) unsigned NOT NULL AUTO_INCREMENT,
  `idTwitter` bigint(20) unsigned NOT NULL,
  `texto` varchar(600) DEFAULT NULL,
  `fecha` date DEFAULT NULL,
  `Sentimientos_idSentimientos` tinyint(3) unsigned NOT NULL,
  `Modulo_idModulo` tinyint(3) unsigned NOT NULL,
  PRIMARY KEY (`idTweets`),
  UNIQUE KEY `idTwitter_UNIQUE` (`idTwitter`),
  KEY `fk_Tweets_Sentimientos_idx` (`Sentimientos_idSentimientos`),
  KEY `fk_Tweets_Modulo1_idx` (`Modulo_idModulo`)
) ENGINE=MyISAM AUTO_INCREMENT=939 DEFAULT CHARSET=utf8mb4;
/*!40101 SET character_set_client = @saved_cs_client */;

--
-- Dumping data for table `Tweets`
--

LOCK TABLES `Tweets` WRITE;
/*!40000 ALTER TABLE `Tweets` DISABLE KEYS */;
INSERT INTO `Tweets` VALUES (1,1367172500841521161,'Los viejitos  contentos de haberse vacunado Buena organización y ambiente VacunasCOVID19 Iztacalco cx ','2021-03-03',1,1),(2,1364586641826848773,' Esta es la situación al rededor del Palacio de los Deportes  Son los adultos mayores de la alcaldía que vienen para la aplicación de la primera dosis contra COVID19 \n','2021-02-24',3,1),(3,1439272874661990409,'VacunacionCDMX segunda dosis SputnikV','2021-09-18',2,2),(4,1452385959694188545,'Día de aplicación de la 2da dosis AstraZeneca gracias al personal de salud por su cálida atención y también un merecido reconocimiento a todos los trabajadores del Gobierno de la Ciudad que tienen bien puesta la camiseta brindando una excelente servicio MisiónCumplida  ','2021-10-24',1,2),(5,1435618291670818824,'Listomi segunda dosisva por esas personas que se adelantaron por culpa de esta maldita enfermedad   ','2021-09-08',3,2),(6,1437794721036963843,'Segunda dosis de ','2021-09-14',2,2),(7,1438214842515660807,'La segunda    ','2021-09-15',3,2),(8,1437794204260962307,'2a Dosis Sputnik V  Palacio de los Deportes ','2021-09-14',1,2),(9,1425835445640892417,'Que nerviaaaaaas  ','2021-08-12',3,2),(10,1452385806837026829,'SSalud_mx \nNo es justo que siendo habitantes de No hayamos alcanzado vacuna','2021-10-24',3,2),(11,1438137969836167168,'Im at Centro de Vacunación COVID19 Venustiano Carranza Sede Palacio de los Deportes in Venustiano Carranza CDMX ','2021-09-15',1,2),(12,1437784099473743885,'  ','2021-09-14',2,2),(13,1450837251802468353,'Oficialmente TENEMOS ambas dosis  ','2021-10-20',3,2),(14,1419662945664094211,'  ','2021-07-26',2,2),(15,1437841734248116226,'Listo para la segunda dosis ALV  ','2021-09-14',3,2),(16,1440758302548234244,'yop y el amor de mis vidas después de recibir la segunda dosis lt3\n','2021-09-22',3,2),(17,1436750208021434374,'2da dosis vs covid19  ','2021-09-11',2,2),(18,1418970815119376385,'La vacunación   ','2021-07-24',2,2),(19,1437823950600515590,'Segunda dosis\n\nMúsica de los Backstreet Boys baile con Covidio todo en minutos\n\nExcelente servicio  ','2021-09-14',1,2),(20,1439316426402279430,'Completando el cuadro de vacunación contra COVID19\nNoa tocó jugar con la pelota \n\nPD No sin de mis mejores instantáneas ','2021-09-18',3,2),(21,1418621703761002498,'La última vez que vine aquí fue para disfrutar el moshpit de Cannibal Corpse ahora con puro DEATH WALKING TERROR  ','2021-07-23',3,2),(22,1436730226587938816,'Neta que somos bien irresponsables\nNo queremos que siga la pandemia pero no tenemos sentido común\n\nLa gente tirando las torundas de la vacuna en el suelo\n\nSe pasan\n\nvaccineday VacunacionCDMX ','2021-09-11',3,2),(23,1308474025027481601,'La urgencia covid del día  en Hospital General Tlahuac ','2020-09-22',3,3),(24,1351250969431060482,'No es por nada pero sobreviví negativa hasta el momento de la vacuna \n\nOsea que puedo sobrevivir a un  apocalipsis zombie  ','2021-01-18',3,3),(25,1260933196360740865,'Si no es el covid es la alarma de incendio\nWey yaaaaa\nNos días en Hospital General Tlahuac ','2020-05-14',3,3),(26,1373654646330421257,'Aquí con lluvia ligera pero feliz vamos papis por su segunda dosis','2021-03-21',3,4),(27,1374768754970800134,'feliz Hoy le ponen a mi mamá la segunda dosis vᴀᴄᴜɴᴀcᴏᴠɪᴅ19  en Hospital General De Zona Sur Issste ','2021-03-24',3,4),(28,1374786982769926148,'Mi mamá saliendo de su segunda dosis vᴀᴄᴜɴᴀcᴏᴠɪᴅ19  a seguir cuidandonos  en Hospital General De Zona Sur Issste ','2021-03-24',3,4),(29,1365705751306653709,'Vacuna para mis papás  ','2021-02-27',2,5),(30,1366084741640957957,'A partir de hoy y después de recibir la vacuna rusa esta dama se llamará\nLorenzhaska Cecilovich Moraleski Urquiznof en Prepa 1 Gabino Barreda ','2021-02-28',3,5),(31,1372607190511542281,'vacuna Vacunación en Mexico Por más que se les pide algunas personas tiran sus torundas con sangre al piso  El cambio lo hacemos todos ','2021-03-18',3,5),(32,1366467472984072192,'VacunasCOVID19 El día de hoy me tocó estar en VacunaAdultosMayores y una señora muy triste porque la pasaron directamente a la vacuna y después al área de observación Su familiar me dijo que su mayor motivación era la dinámica que había visto en vídeos Hablé con una chica de ','2021-03-01',3,5),(33,1413594929557819394,'Ya me vacuné no estaba sonando La Chona como quería ni ningún cumbión loco pero bueno ya estuvo la primera dosis de Astra Zeneca  ','2021-07-09',3,6),(34,1429436550178299915,'VacunacionCDMX \nxochimilco \nPfizer \nAiudaaaaaaaa ','2021-08-22',2,6),(35,1441510164461391872,'Lista la segunda dosis  ','2021-09-24',3,6),(36,1442812702846554112,'2da dosis  a digivolucionar   ','2021-09-28',2,6),(37,1413518893428187138,'Primera dosis en Deportiva Xochimilco ','2021-07-09',2,6),(38,1428820795397185541,'Que yo recuerde no había tanta gente viviendo en Xochimilco \n3 horas y media de espera para recibir vacuna ','2021-08-20',3,6),(39,1442490926039896071,'SegundaDosis creo que esta ocasión encontré más caos que en la primera dosis','2021-09-27',3,6),(40,1440723114581659651,'Segunda dosis  AstraZeneca','2021-09-22',2,6),(41,1413502776609427464,'Pues no bailamos pero sí pusieron a Luismi y a Juanga en la vacuna Xochimilco no defraudó','2021-07-09',3,6),(42,1428815431628992515,'Que fea organización hay para la vacuna de COVID19 en la delegación de Xochimilco Llevan más de 4 hrs formados los resagados o casos especiales y no avanzan XochimilcoAl ','2021-08-20',3,6),(43,1440381639356403713,'Segunda dosis lista AztraSeneca','2021-09-21',3,6),(44,1442481988536086530,'Segunda dosis de Pfizer ','2021-09-27',2,6),(45,1413171518457192456,'Red AMLover y en apoyo a la 4T les comunico con gusto que recibí mi primera dosis de vacuna anticovid\nVacunaCOVID19 GraciasAmloXVacunas Gracias4T ','2021-07-08',3,6),(46,1440306543539277826,'AlcCuauhtemocMx SSaludCdMx SinEmbargoMX La alcaldía Cuauhtémoc ni sus luces para aplicar la segunda dosis de SARSCOV2 rango 30 a 39años y en esta semana se cumplen las 12 semanas tuve que asistir en Xochimilco','2021-09-21',3,6),(47,1428423863642243083,'Alguien dijo Pfizer ','2021-08-19',3,6),(48,1442190472781254661,'La segunda dosis de la vacuna me está matando AIUDAAA ','2021-09-26',2,6),(49,1413170489166598144,'Primera dosis de vacuna vs Covid recibida ','2021-07-08',2,6),(50,1429486097881575429,'Llegan unos fantasmitas a vacunarse  Xochimilco vacuna CDMX ','2021-08-22',2,6),(51,1425833044997414922,'Segunda dosis  en Deportiva Xochimilco ','2021-08-12',2,6),(52,1442189172119416836,'Ya con segunda dosis de Sinovac\n\nVacunateYa \nXochimilco ','2021-09-26',3,6),(53,1266406250365026304,'Le tocó revición por COVID19  y salió negativo gracias servicio gratuito  en Mazda Santa Fe ','2020-05-29',3,17),(54,1448156466272251911,'Después de esta linda noche a memir que mañana toca vacuna  ','2021-10-13',3,17),(55,1303501379659497478,'Preocupados por la situación que estamos atravesando en materia de salud  integrantes del nos hemos reunido para apoyar a nuestros vecinos y evitar un repunte en los casos de covid_19 \ncuajimalpa cdmx saludybienestar pandemia covid19 vecinos ','2020-09-09',3,18),(56,1470150027075072002,'En la CDMX seguimos en SemáforoVerde para seguir así es importante mantener la guardia en alto ante el riesgo de contagio de COVID 19\n\nEn respuesta a ellonuestro Alcalde sigue implementando medidas sanitarias en la en protección de tú salud ','2021-12-12',3,18),(57,1274005182444158978,'Yo doy testimonio real de las inalcanzables gracias que produce esta devoción a él dueño de mi vida vida de mi amor le pido me abra día con dia la herida de su corazón\n\nSagrado Corazón de Jesús en tu confío \nSu solemnidad hoy en tiempos de COVID\n\nFelizViernes ','2020-06-19',3,20),(58,1262167768360783872,'Es una fiesta covid en base plata dicen que no van a arriesgar a sus elementos ','2020-05-17',3,22),(59,1251156496294875141,'Gas Inteligente se suma al proyecto nacional Todos juntos contra el COVID19 disminuyendo eventualmente nuestro precio por litro de GasLP Consulta las condiciones FelizViernesAtodos SumamosPorMx Manda un whats  55 84638772 TanqueFriendly  ','2020-04-17',3,24),(60,1269034598564069377,'Fotos Mentales Podcast  Episodio 84  Vero emprendiendo con visión social Mexicanos contra COVID19  ','2020-06-05',3,28),(61,1361426997600260096,'Estás fotos las tomé esta mañana en el centro de vacunación de la escuela José María Velasco Condiciones precarias mala organización y dosis sin jeringas Un total desastre Una burla hacia el sector más vulnerable de una sociedad nuestros adultos mayores ','2021-02-15',3,30),(62,1336392496000212996,'Negativo al COVID y vacunado contra la influenza en Magdalena Contreras ','2020-12-08',3,30),(63,1384694268527202305,'Hoy le aplicaron la segunda dosis de la vacuna a mis señores padres y no puedo estar mas agradecido   BrigadasCorrecaminos segundadosis','2021-04-21',3,34),(64,1478364439271325696,'La vacuna está hecha para reducir la probabilidad de tener efectos graves se debe tomar en cuenta que la vacuna baja su efectividad pasado algunos meses y todo es variable en cada persona','2022-01-04',3,34),(65,1434717662689513476,'Toma eso covid científica del Poli crea fármaco con 90 de efectividad  vía ','2021-09-06',1,34),(66,1251988348933029889,'A todos los médicos enfermeros y todos los que buscan la cura al COVID19 gracias ME QUEDO EN CASA PARA QUE USTEDES MEDICY ENFERMERCUIDEN A LOS QUE MÁS LO NECESITAN ','2020-04-19',3,37),(67,1357050818046943234,'Todos en estos momentos tratando de inscribir a los viejitos para la vacuna  mexico tik_tok parati ciudaddemexico vacunacovid19 en Coyoacán Ciudad De México ','2021-02-03',3,39),(68,1268707971397279752,'Cuando el SemaforoRojo del Covid cambie a ámbar abriré esta botella ','2020-06-05',3,41),(69,1254252283216441347,'ReporteSanitario\nFiesta en calle Mina col San Nicolás en SSaludCdMx C5_CDMX Paty_OrtizC COVID_19mx','2020-04-26',1,41),(70,1300628446134009857,'Este lunes participé en una interesante entrevista con compartiendo las acciones que hemos emprendido desde marzo para disminuir las afectaciones por COVID19 en Contreras debemos mantener las medidas de prevención la pandemia aún no termina\nContrerasTeCuida ','2020-09-01',3,42),(71,1298364994497675265,'Mientras no haya una vacuna contra el COVID19 es responsabilidad de todos cuidarnos y cuidar a los demás No olvidemos que la ciudad y la alcaldía siguen en SemáforoNaranja con alerta no bajemos la guardia \nContrerasTeCuida ','2020-08-25',3,42),(72,1250121781291167745,'Atención \n\n Aquí puedes buscar el nombre de tu Alcaldía y conocer el número de diagnósticos confirmados y la tasa por cada 100 mil habitantes  Covid19Cdmx \n\nFuente Covid19 Listado de Datos Abiertos   ','2020-04-14',3,42),(73,1267471597348302848,'FelizLunes MejoraTusHabitos para VivirMejor  Covid_19 y todo hazlo en Econutrición ','2020-06-01',2,48),(74,1483098225523449856,'El presidente informa que a pesar de esta nueva oleada del covid la economía está en crecimiento Mi pregunta Donde o en que momento se verán los resultados de dicha afirmación Donde están los medicamentos La gasolina a 10 pesos Entre otras','2022-01-17',3,52),(75,1483616151527731201,'Buenas tardes yo no tuve oportunidad de ponerle la segunda dosis de la vacuna a mi hija de 16 años me pueden informar dónde la puede llevar por favor me urge ya que le piden el certificado de vacunación en la escuela gracias por su atención','2022-01-19',3,52),(76,1483491613192110086,'Ni siquiera se dan abasto en las clínicas de atención y las fichas para la prueba son pocas que no alcanzan por si fuera poco si eres positivo a COVID tardas 4 horas para que te den incapacidades ','2022-01-18',3,52),(77,1483216802444283904,'Buen día La semana pasada me pusieron la vacuna contra la influenza podré aplicarme el refuerzo contra Covid en esta semana Hay alguna contraindicación','2022-01-17',3,52),(78,1482943450244952065,'Alertan por 9 Pruebas COVID19 sin aval de Cofepris SOSMEXICO ','2022-01-17',3,52),(79,1483545276405227530,'Ahora la excusa será Te juro que lo tenía más grande pero me dio COVID  ','2022-01-18',3,52),(80,1483464965713502218,'Es COVID Así empecé yo','2022-01-18',3,52),(81,1483210902732169216,'Vas a ser la única sobreviviente de Covid que engorda  Yo pensé lo mismo de mi con la Influenza na más estaba acostada y comiendo','2022-01-17',3,52),(82,1482769978516553729,'Entras a Australia si estás vacunado Si no de patitas en la calle como debe de ser LAS REGLAS ESTÁN PARA CUMPLIRSE A TODOS NO PARA PASARLAS POR EL ARCO DEL TRIUNFO Entiende que esto debe ser así por el bien tuyo y de todos VACÚNATE','2022-01-16',3,52),(83,1483539185311039489,'Nos llegó la Pandemia que bueno que mi papá tiene 3 dosis y mi mamá y yo dos y estamos mejor alimentados que hace un año Y yo tengo mi peso normal','2022-01-18',3,52),(84,1483179601513914373,'Espero que estos acarreados sí sean profesionales y aguanten todo el plantón no como los pendejos del CIDE que acabaron doblando las manitas quesque por miedo al contagio de covid 3 ternuritaaaaaaaas Al final el ideal valió madres ','2022-01-17',3,52),(85,1483396038329348106,'COVID zombies suena a una película mala que vería nada más por el morbo','2022-01-18',3,52),(86,1482755967334895624,'Al otro día fue peor no hay zona Triage para atender a enfermos Covid para que sacar cita e ir todo mal arriesgando a los demás pacientes al contagio de verdad que están mal traen a uno como tonto vueltas y vueltaseso es redoblar esfuerzos No se vale que hagan eso','2022-01-16',3,52),(87,1483529806541164556,'DeniseDresserG Tu rabia jajajajaja ya te pusieron tu vacuna  contra ella También hay para la sarna','2022-01-18',3,52),(88,1483306535128346628,'Al aplicar la dosis de Moderna a docentes Saben si al viajar se admite en los lugares que requieren certificado de vacunación','2022-01-18',1,52),(89,1483124044295770114,'Alertan por 9 Pruebas COVID19 sin aval de Cofepris SOSMEXICO ','2022-01-17',3,52),(90,1482754950694326276,'Jajajaja es burla o qué Yo di positivo a COVID el día 27 de diciembre y ese mismo día fuí a consulta para que me dieran tratamiento cuál fué mi sorpresa que me sacaron de la clínica junto con mi hija no me atendieron y me dieron una ficha para atenderme hasta al otro día','2022-01-16',3,52),(91,1483520328680804355,'Murmura mí testamento \nEpisodios de universo \nPor dónde rueda el tumulto \nDel epitafio amoroso\nDe el vago trashumante \nEn su contínuo silente\nVórtice dé hoyos negros\nVacuna de los espacios','2022-01-18',3,52),(92,1483105771625795586,'Que se volvió esto  Un espacio XXX por la mañana  \n\nMe queda claro que el hemisferio frontal se le acabó de diluír con el Covid\n\nViejitoCalentón','2022-01-17',3,52),(93,1483279590541991937,'A las 10 PM Haremos una cadena de oración para que el COVID19 tenga la fuerza necesaria para que se lleve a este OGT que decía que con un caldito de pollo se te quita esa enfermedad','2022-01-18',3,52),(94,1247323257239490565,'Porque hoycomo siempre estamos comprometidos con nuestra comunidadaportemos nuestro granito de arena para que esto termine más rápido quedateencasa constancia covid udechilemx uchmx ','2020-04-07',3,54),(95,1255613574682050561,'Volveremos más fuertes si todos se comprometen a seguir entrenando Para el fútbol no hay excusas Ánimo familiaazul nosvemospronto uchmx yoentrenoencasa udechilemx contodo sinpretextos covid_19 ','2020-04-29',3,54),(96,1257470760815407104,'No te lo pierdas  mayo covid_19  noparamos seguimosentrenando yoentrenoencasa daleu escuelaoficialdelau uchmx orgullososdeserudechilemx en U de Chile Mx ','2020-05-05',3,54),(97,1262395156029997056,'Sonrisa de lunes por la mañana para continuar con la mejor actitud la cuarentena   uchmx smile amigas covid_19 cuarentena soccergirls soccerfamily orgullososdeserudechilemx en U de Chile Mx ','2020-05-18',3,54),(98,1242511785263063042,'covid_19  en Comisión Nacional de los Derechos Humanos CNDH ','2020-03-24',3,54),(99,1249431113459814400,'Sube tu mejor foto o tu mejor momento que haz vivido con la U de Chile Mx  etiquetanos udechilemx uchmx losextrañamos nosvemospronto quedateencasa covid udechile mexico daleu orgullososdeserudechilemx en ','2020-04-12',3,54),(100,1258763902814269441,'Extrañan las charlas de medio tiempo Nosotros si  por eso mañana a las 1200 tendremos clase táctica por zoom Prepárense para su partido tactica futbol daleu claseonline aprender recordar covid_19 ','2020-05-08',3,54),(101,1256340569699127296,'En Mayo continuaremos con nuestras actividades Volveremos con todo para afrontar las competencias         udechilemx mayo covid_19 yoentrenoencasa daleu vamoscontodo nadanosdetiene fortnite ','2020-05-01',1,54),(102,1290110558495178752,'Que ondaEstamos en plena pandemia y mis vecinos en fiesta obstruyendo la entrada de mi casa con los carros que vienen Ayúdenme a reportarlo ya que desde hace horas hable al 911CDMX y no vienen a resolverlo Covid_19 FiscaliaCDMX HLGatell ','2020-08-03',3,57),(103,1348665605721903104,'Dando continuidad a las medidas de prevención en estos momentos en que la emergencia por COVID19 está en alto riesgo de contagio es que este fin de semana realizamos acciones de desinfección en beneficio de familias de la colonia el Gavillero es por tu salud\nTeQuieroBien  ','2021-01-11',3,58),(104,1470928727995559939,' Del 14 al 18 de diciembre Alcaldía MAGDALENA CONTRERAS se aplica la 3ra dosis de refuerzo a nuestros adultos de 60 años y más la sede es el Estadio Olímpico CU \nVacunateContralaCOVID19  ','2021-12-15',3,58),(105,1483423468079271938,' Del 18 al 26 de enero en TODAS las Alcaldías se aplica la dosis de refuerzo a las personas de 59 a 59 años acude a la sede más cercana\n\nVacunateContralaCOVID19 UsaCubrebocas  ','2022-01-18',3,58),(106,1481992200150040582,'No te confíes al primer síntoma de COVID19 aíslate haste la prueba sigue las recomendaciones para evitar la propagación \n\nCOVID19 VacunateContralaCOVID19 cuidate   ','2022-01-14',3,58),(107,1255206339682295808,'La gente sigue en la calle amontonados al panteón de verdad no hay conciencia no que muchas medidas de seguridad ante el covid Claro que no ContrerenseOrg Contrerense ','2020-04-28',3,58),(108,1361632599211446276,'ALaMagdalenaC Claudiashein No te confundas al le esta quedando grande el desafío me conmovió ver como nuestros adultos mayores tuvieron que soportar frío y luego el agobiante rayo de sol para recibir la vacuna A México le urge un eficiente sistema de Salud ','2021-02-16',3,58),(109,1479817286403956745,' Del 11 al 15 de enero en TODAS las Alcaldías se aplica la 2da dosis de refuerzo a nuestros adolescentes de 15 a 17 años acude a la sede más cercana\n\nVacunateContralaCOVID19  ','2022-01-08',3,58),(110,1242252493691719680,'homeoffice \nstayhome \nwork\nmexico \ncdmx \ntlalpan \ncuarentena \ncovid_19 en Antigua Residencial ','2020-03-24',2,59),(111,1244113658407522305,'contingencia covid_19 en Col Santa TeresaDel Magdalena Contreras ','2020-03-29',2,60),(112,1242689475337207808,'En esta Contingencia de COVID19 Necesitas Quién Administres tus Redes Sociales y a tu Público Potencial en Internet O crear tu Marca personal \n\nGestionamos a todos tus Clientes Digitales mientras tú ','2020-03-25',3,60),(113,1244845131422928902,'Listo para transmitir en vivo desde tu casa comparte\n\nDe acuerdo con la situación en mi México querido y al servicio social de comunicación covid19 que Astianax Studio estará realizando se transmitirá en ','2020-03-31',3,60),(114,1389326388289851394,'Perfume de Gardenias suena mientras los últimos adultos de entre 50 y 59 años esperan tras recibir su primera vacuna anticovid en el ITAM Santa Teresa en Magdalena Contreras ','2021-05-03',3,60),(115,1234988943080247297,'Es más saludable Prevenir terapia Covid_19 coronavirus PrevenirEsVivir PrevenirEsSalud Centherapy FelizMartesATodos ','2020-03-03',3,60),(116,1242636645083512839,'Quién quiero ser durante el COVID 19\nVia En estos momentos debemos  usar nuestra inteligencia emocional evitando comentarios erróneos buscando información fidedigna pero sobre todo teniendo prevención y siendo buenos ciudadanos EstoTambienPasara ','2020-03-25',3,62),(117,1251335078518697986,'O tendrán covid_19mexico o estaran pachecotes viernesdeYaValio a aguantarse ','2020-04-18',2,63),(118,1381657892550545417,'Lista la segunda dosis de mis pas   ','2021-04-12',3,77),(119,1397934318106910722,'Vacuna  ','2021-05-27',2,77),(120,1404080477464576003,'No hay mejor regalo de cumpleaños que la salud \nPrimera dosis \nvᴀᴄᴜɴᴀcᴏᴠɪᴅ19 en Benemerita Escuela Normal ','2021-06-13',3,77),(121,1404119786599165957,'Vacunado','2021-06-13',2,77),(122,1369712469267087367,'Vacuna  ','2021-03-10',2,77),(123,1383858730798776331,'Último día de la aplicación de la segunda dosis contra el Virus COVIDー19 para personas mayores de 60 años\nJornada de vacunación  realizada en la Benemérita Escuela Nacional de Maestros ','2021-04-18',3,77),(124,1403759827030061065,'Primer dosis del vacuna coronavirus check  ','2021-06-12',2,77),(125,1404098432437035008,'Pues ya en la primer dosis de la vacuna gracias a la iniciativa privada y a los impuestos que he pagado\nEspero no me hayan puesto vacuna de aire','2021-06-13',3,77),(126,1369671331416076291,'Lista la vacuna de pa  ','2021-03-10',3,77),(127,1382416838227808257,'2da dosis Vacuna a mi SraBonita pandemia2020  ','2021-04-14',2,77),(128,1403365195322384385,'Más de un año desde mi contagio abril 2020 hoy lo celebró con la vacuna  COVIDー19 para los que no creen lo que tuve que superar  ','2021-06-11',3,77),(129,1404087910618521608,'Todo bien organizado VacunaCOVID19 Pfizer YaEstoyVacunado ','2021-06-13',1,77),(130,1369406352657891334,'Vacuna para la mami   ','2021-03-09',3,77),(131,1382033792731332610,'En la segunda dosis  ','2021-04-13',3,77),(132,1398652862574518273,'Muy malo este gobierno pero lo organización en la vacunación en CDMX es impresionante en menos de 15 min ya estaba vacunado Pfizer primera dosis mejor que en muchos países de Europa  ','2021-05-29',2,77),(133,1404086995597639686,'vacuna covid_19 tengonervios \nvamos a ponernos la vacuna\nTe odio Covid  en BENM Benemérita Escuela Nacional de Maestros ','2021-06-13',3,77),(134,1369044728365412357,'Esperando a la salida de la vacuna ','2021-03-08',3,77),(135,1483484779257475079,'refuerzo COVID19 AstraZeneca ','2022-01-18',2,78),(136,1439623174967250948,'Vacunado 2de2 recuerdodemiprimerapandemia mitadruso sputnikv en Campo Marte Miguel Hidalgo DF ','2021-09-19',2,78),(137,1438965382732292097,'2da Dosis Sputnik V en Campo Marte Miguel Hidalgo DF ','2021-09-17',2,78),(138,1471147350596927493,'Con la SraBonita tercera dosis de refuerzo covid19  ','2021-12-15',3,78),(139,1478504234828115974,'Hoy fuimos por la 3a dosis de la vacuna contra el Covid 19 y todo estuvo muy bien organizado Nunca pensé que ponerme una vacuna me hiciera tan feliz love happyday booster en Campo Marte Miguel Hidalgo DF ','2022-01-04',3,78),(140,1470864264902713348,'Adivinen quién ya recibió el booster de vacuna \nSí mi mamá ','2021-12-14',3,78),(141,1438907329513246737,'Listo para la segunda dosis  en Campo Marte Miguel Hidalgo DF ','2021-09-17',3,78),(142,1439604533483687937,'Oficialmente vacunada con ambas dosis de Sputnik en Campo Marte Ciudad de México   Muchas gracias a todo el personal que hizo posible la aplicación de las vacunas antes de las 8am Excelente organización y atención Felicidades  ','2021-09-19',1,78),(143,1475855838510202886,'Vacunación COVID19 en CDMX impresionante la organización ','2021-12-28',1,78),(144,1439247901004386310,'Escuchó qué les ponen a MaríaBarracuda para el calentamiento post vacuna SputnikV','2021-09-18',3,78),(145,1438896710605017092,'Listo SPUTNIK V  gracias a todos  ','2021-09-17',2,78),(146,1452278822435446788,'2da dosis AstraZéneca ','2021-10-24',2,78),(147,1471896143558762502,'3 dosis para mi mamá   ','2021-12-17',2,78),(148,1451195205353283598,'La base de datos de virus ha sido actualizada Shar tuneada entró a la conversación 22 de la AstraZeneca   Ojalá mi papi desde donde me vea esté poquito tranquilo porque Qué le decimos al Covid19 No de nuevo no como la vez pasada Gracias profesionales de la salud  ','2021-10-21',3,78),(149,1439247393854267392,'Segunda dosis  ','2021-09-18',2,78),(150,1438895033449656328,'2a dosis Sputnik   ','2021-09-17',2,78),(151,1471676913982844932,'Listo con mi dosis de refuerzo \n\nAquí gran ánimo y todos contentos con la Jefa de Gobierno y los compañeros de Excelente organización rapidez y buen trato  ','2021-12-17',1,78),(152,1439640248590520320,'Segunda dosis  ','2021-09-19',2,78),(153,1438965853215674379,'2da Dosis de Sputnik V ','2021-09-17',2,78),(154,1438883992741220354,'Segunda Dosis Ya vacunado vᴀᴄᴜɴᴀcᴏᴠɪᴅ19 en Campo Marte Miguel Hidalgo DF ','2021-09-17',3,78),(155,1435673777866776582,'2a dosis del covicho Covid_19 VacunaCOVID19 ','2021-09-08',2,79),(156,1437844946631938058,'Si si venga el líquido parte 2 Al fin que con la primera dosis se me cayó el cabello ','2021-09-14',3,79),(157,1465356678254235651,'Si les toca vacunación de 15 a 17 años en la Arena Ciudad de México prepárense la fila llega hasta la salida en la parte de atrás Pfizer VacunaCOVID19 ','2021-11-29',3,79),(158,1439310530376835072,'Ya quedó la segunda dosisahora esperar solo un mes más y por fin podré salir sin tanta bronca VacunacionCDMX SputnikV ','2021-09-18',3,79),(159,1435581815184662530,'Ya esperando la segunda dosis ','2021-09-08',3,79),(160,1453428402229284869,'Por rezagado segunda dosis SputnikV en la Arena Ciudad de México estamos vacunaditos','2021-10-27',2,79),(161,1437806113962012686,'Oficialmente Camaradas esquema completo 2da Dosis \nSputnikV\n\nAhora si beso de 3 ','2021-09-14',3,79),(162,1438896863218909187,'Celebrando el Felicicumpleaños de  en la vacuna SputnikV ','2021-09-17',2,79),(163,1435238953930592256,'SEGUNDA DOSIS ASTRAZENECA','2021-09-07',2,79),(164,1452714811272228864,'Segunda dosis\nBase de todos actualizada\nSputnikV','2021-10-25',2,79),(165,1438854080219295745,'Segunda dosis  Check  Yei  ','2021-09-17',2,79),(166,1436403455694868500,'Venga la 2da dosis Vacúnate  ','2021-09-10',2,79),(167,1421152898415833092,'Vine por mi vacuna D','2021-07-30',3,79),(168,1439684872025563145,'Esquema de vacunación  completo con la chaviza de 3039 años en Covid_19mx SputnikV \n\nExcelente estrategia de Claudiashein Gracias por cuidarnos ','2021-09-19',1,79),(169,1438157870349131786,'Segunda dosis \nPero a qué costo   ','2021-09-15',3,79),(170,1435992936601296896,'Atención excelente durante la segunda aplicación de AstraZeneca \nVacunaCOVID19\nGraciasAMLO \nGraciasGatell\nGraciasPorCuidarnos ','2021-09-09',1,79),(171,1420039619786248192,'Primera dosis cheeeeeck   ','2021-07-27',2,79),(172,1439334462643388419,'Ellas me vacunaron \nSegunda dosis  ','2021-09-18',3,79),(173,1437867391090823177,'2da dosis del gen mutante   ','2021-09-14',2,79),(174,1435680212533010438,'2a Dosis  ','2021-09-08',2,79),(175,1370087586077802498,'Me mando un SMS el gobierno de la CDMX tengo cita el domingo a las 16 hs para la vacuna hay que llegar 15 minutos antes No antes ojo   ','2021-03-11',3,80),(176,1478904679631368193,'Un día más sin COVID ','2022-01-06',3,80),(177,1371218349577940994,'Ya estamos esperando turno para la vacuna   ','2021-03-14',3,80),(178,1382419426826326016,'Segunda dosis Pfizer en Uam azcapotzalco ','2021-04-14',2,80),(179,1369683890311467022,'Vacuna Pfizer en Uam azcapotzalco ','2021-03-10',2,80),(180,1371471433600225284,'Vacuna del gfesito  ','2021-03-15',2,80),(181,1384175252926722051,'COVID19 Inicia aplicación de 2da dosis de vacuna en VenustianoCarranza Carranza  ','2021-04-19',2,81),(182,1381399222403145730,'En FUNDASIDA\nTe invitamos este jueves 15\n\nPor el Dr Baruch Díaz    jefe de la Clínica del Viajero y vocero para COVID19 de la UNAM  sobre las inquietudes y temores del Covid19 y el VIH\n\nJoin Zoom Meeting\n\n\nMeeting ID 835 5236 1830\nPasscode 1985 ','2021-04-12',3,81),(183,1385624630002520071,'La segunda dosis vacuneishon Covid_19 ','2021-04-23',3,81),(184,1373316441974407168,'Traje a mi papá a su vacuna pero veo demasiadas personas en la parte de la salida no hay sana distancia A_VCarranza','2021-03-20',3,82),(185,1374036684711530502,'20 de marzo 2020 La fecha se quedó anotada en uno de los pizarrones del internado donde le tocó vacuna a mi papá Después de ese marzo nos cambió la vida a todos ','2021-03-22',3,82),(186,1384218587695509517,'Esperando a que salga mi mamá de su Segunda dosis ','2021-04-19',3,82),(187,1373312708896980996,'Mi papá muy contento para aplicarse la vacuna ya entró a la sala de espera no sé tengo un sentimiento extrañono sé explicarlo ','2021-03-20',3,82),(188,1360319255363932164,'streetart urbanart mural street streetphotography street_addiction  city instagood photooftheday urban artwork painting artist covid crash mexicomurales streetstyle cdmx ','2021-02-12',2,82),(189,1438869418088570881,'Ya vacunado y escuchando YA ESTUVE AHÍ *llora* ','2021-09-17',3,83),(190,1443642811832668170,'Ya vacunado con la primera dosis  ','2021-09-30',3,83),(191,1459579787161358337,'Así la fila enorme en el último día de vacunación COVID19 para la gente rezagada de 1a y 2a dosis en el Cencis Marina\n\nAdemás también se pueden inmunizar los adolescentes con comorbilidades de la CDMX ','2021-11-13',3,83),(192,1482372188640624641,'Ya me enamoré 3 veces en ésta fila interminable de la vacuna ','2022-01-15',3,83),(193,1438237642127253510,'Listo para mi segunda dosis de SputnikV','2021-09-15',3,83),(194,1457050748483686403,'Segunda dosis pinchefilota  ','2021-11-06',2,83),(195,1442857174489866247,'Primera dosis de vacuna contra COVID19   ','2021-09-28',3,83),(196,1481701210457616388,'Sputnik VII   ','2022-01-13',2,83),(197,1437820883670863878,'Segunda dosis lista acompañado de la del Campeon  ','2021-09-14',2,83),(198,1455960456213016582,'Resultado de 3 horas de espera para aplicación de la vacuna  Claudiashein lopezobrador_','2021-11-03',3,83),(199,1439303882274967559,'Do \n\nyaquieroiralaslicuachelas ayudamesientoextraña vᴀᴄᴜɴᴀcᴏᴠɪᴅ19 vaccine sputnik orasiquieromontarosos\n  en Centro de Estudios Superiores Navales ','2021-09-18',1,83),(200,1481652344081186818,'Rezagados segunda dosis ','2022-01-13',2,83),(201,1437820779866083328,' Segunda dosis de Sputnik V en Coyoacán  VacunaCOVID19 ','2021-09-14',2,83),(202,1455959040631136261,'Nefasta organización en todos los aspectos en VacunaCOVID19 enfermeras que no saben aplicar una vacuna mesas sin suficientes enfermeros que atiendan muchas personas afuera esperando SSaludCdMx lopezobrador_','2021-11-03',3,83),(203,1438952955567280139,'Listo  Segunda dosis de Sputnik aplicada    ','2021-09-17',3,83),(204,1481652154813206528,'Rezagados 2da dosis','2022-01-13',2,83),(205,1426240975467388943,'2da dosis\nDone  ','2021-08-13',2,83),(206,1443950955070898190,'Primera dosis  \nPff Ahora a esperar las reacciones ','2021-10-01',3,83),(207,1438892489092616197,'2da dosis de criko ruso ','2021-09-17',2,83),(208,1470077732994355200,'Habemus 3a dosis ','2021-12-12',2,83),(209,1453812630859264011,'Segunda dosis   ','2021-10-28',2,84),(210,1400941821296054275,'vᴀᴄᴜɴᴀcᴏᴠɪᴅ19 covid_19 obedecer barda streetphotography publicidad appleiphone shotoniphone en Centro De Exposiciones Y Congresos Unam ','2021-06-04',1,84),(211,1418955228049776652,'Primera dosis Done  A seguirse cuidando que esto nos podamos ver excenta de poder enfermarnos  en Centro De Exposiciones Y Congresos Unam ','2021-07-24',2,84),(212,1443223753236918276,'Por fin segunda dosis de vacuna Ahora a esperar','2021-09-29',3,84),(213,1453446592397287426,'Esperan2 a que pegue la Astrazéneca VacunateYa','2021-10-27',3,84),(214,1400528740892000257,'La fila personas sentadas brazo descubierto y esperando vacuna es uno de los paisajes más lindos que he visto en estos tiempos COVID19 VacunaCOVID19 Coyoacán','2021-06-03',3,84),(215,1418382581406605318,' SPUTNIK  TOVARICH\nAhora si vamos por una TORTA RUSA para festejar Vacunate\nvacunacionanticovid19 vacuna sputnic VacunaCOVID19 ','2021-07-23',3,84),(216,1442944438473351171,'Listo segunda dosis aplicada a seguirse cuidando todos  vᴀᴄᴜɴᴀcᴏᴠɪᴅ19 Vacunate en Centro De Exposiciones Y Congresos Unam ','2021-09-28',1,84),(217,1453041973343006725,'Por si ocupan el dato para los que faltan de 1radosis de vacunao los que no pudieron asistir a 2da dosis  de Aztra Zeneca\nHasta esté viernes 29\nHorario de 730 am a las 400 pm\nLugar Centro de Exposiciones y Congresos UNAM ','2021-10-26',3,84),(218,1400490360409841668,'Ya vacunado\n\nEso chinga','2021-06-03',3,84),(219,1442941118832775168,'Segunda dosis lista  ','2021-09-28',3,84),(220,1417978129528852490,'Primera dosis  check  ','2021-07-21',2,84),(221,1452617493466566658,'Despertares universitarios\n\nvaccine covid unam Centro De Exposiciones Y Congresos Unam ','2021-10-25',1,84),(222,1400477899371786242,'Primera dosis de vacuna para COVID19  ','2021-06-03',2,84),(223,1417872983754956806,'Vacuna  ','2021-07-21',2,84),(224,1419102995334287361,'covid19mexico sputnikvscovid19 porque vacunado estoy molestomil porque no pusieron canciones de jeans ni ov7   tecuidastunoscuidamostodos en Centro De Exposiciones Y Congresos Unam ','2021-07-25',3,84),(225,1443281289004478464,' ya tengo mis 2 dosis  SSalud_mx ALaMagdalenaC ','2021-09-29',3,84),(226,1400291580100198404,'Y así fue Me tocó el privilegio de ser vacunado Para su curiosidad me tocó el biológico británico desarrollado por Oxford sin fines de lucro y producido por Astra Zeneca Agradecido con todaspersonas que integran la fenomenal logística ','2021-06-03',3,84),(227,1417504361811427333,' por fin 1 dosis  ','2021-07-20',2,84),(228,1418971594794352640,'sputnikv sputnikvscovid19 covid19mexico vacunadito estoy  Llorar de la emoción así como cuando lloraste porque te dijeron que estabas enfermo de covid_19 a seguir cuidandonos ','2021-07-24',3,84),(229,1375552541702885380,'Gracias a Dios la jefa ya está vacunada   ','2021-03-26',3,85),(230,1374822254350102536,'Por fin vacunado a mis suegros en UAM xochimilco en UAM Xochimilco ','2021-03-24',2,85),(231,1385272356998766596,'Hoy le tocó la segunda dosis de la vacuna a mi papá y se la pusieron en menos de 20 minutos muy buena organización ','2021-04-22',3,85),(232,1430954450290712581,'Hoy me tocó la vacuna covid19 ','2021-08-26',3,86),(233,1448012885716840453,'Habiendo recibido la segunda dosis de la vacuna Oxford AstraZeneca para protegerme frente al COVID19 en Prepa 5 José Vasconcelos ','2021-10-12',3,86),(234,1481505753773060097,'Nueva mente cierran clínica 32 IMSS 100 COVID lamentablemente está vez ahí más niños cuidemos de nuestros chiquillos','2022-01-13',3,86),(235,1453042140959985670,'Acompañando a mi bebé a su segunda dosis   ','2021-10-26',3,86),(236,1430953742808014859,'Hoy me tocó la segunda dosis de vacunación covid19 ','2021-08-26',3,86),(237,1447930074867585024,'AstraZeneca 2da    ','2021-10-12',2,86),(238,1469702271399301121,'Que está 3era dosis sea para q me dures toda la vida astrazeneca covid19  ','2021-12-11',3,86),(239,1452747727775928325,'Hoy toco la segunda dosis de la vacuna La sede fue la prepa 5 mi prepa 5 la más bonita de todas la prepa de todas la prepas la facultad de Coapa \n\nVolver a entrar fue muy significativo Lloré y me emocioné cuando volví a donde pasé los mejores días de mi vida ','2021-10-25',3,86),(240,1430634184507371520,'2da dosis  ','2021-08-25',2,86),(241,1443982845375127592,'Primera dosis  ','2021-10-01',2,86),(242,1449547663813320704,'2a dosis  \n ','2021-10-17',2,86),(243,1468654653579608070,'Tercera dosis de vacuna contra covid ','2021-12-08',3,86),(244,1430274835561779204,'Ya fui por mi segunda dosis contra la covid_19 \n\n\n\nenunrincondelaciudad crivs copetezZ instagood instalike covid_19 vᴀᴄᴜɴᴀcᴏᴠɪᴅ19 en Prepa 5 José Vasconcelos ','2021-08-24',3,86),(245,1431320006231564291,'Vacuna MisionCompleta en Prepa 5 José Vasconcelos ','2021-08-27',2,86),(246,1449424251073802244,'Vacuna por los que no pudieron \nvacunacionanticovid19\nvacunate  ','2021-10-16',3,86),(247,1453771641679384587,'amp Yo No se que Hago en una Prepa Jaja  Oh Cierto Ya Recordé 2ª Dosis SputnikV Camaradas   ','2021-10-28',3,86),(248,1423322694632812546,'2a Dosis   ','2021-08-05',2,86),(249,1430954660853129222,'Hoy me tocó la segunda dosis de vacunación covid19 ','2021-08-26',3,86),(250,1449110357105156104,'Los chavos de la vacuna bien buena onda apoyando con el tráfico e indicando dónde se pueden estacionar y no falta la que no entiende y por sus lo deja OVIALCDMX apoyenlos con elementos de tránsito en calz Guadalupe a un costado de prepa 5 ','2021-10-15',3,86),(251,1453421023790092295,'Ahora sí 2ª dosis de SputnikV aplicada\n\nFeel Happy strong amp brave ','2021-10-27',3,86),(252,1374907820861231104,'Imágenes del inicio de la vacunación anticovid en la alcaldía Tlalpan\n\nCon muchas esperanzas y agradecimiento salían las personas mayores de 60 años que recibieron la primera dosis de Sinovac ','2021-03-25',3,88),(253,1397201590868713476,'Vacunación Tlalpan Pfizer Son unos loquillos en Six Flags Mexico ','2021-05-25',2,88),(254,1376911658904338439,'Agradecida con el de arriba de poder traer a mi papá y abuelita a la vacuna  ','2021-03-30',3,88),(255,1398733212365602822,'Pos ya ando aquí sentadita bien portadita Esperando mi Pfizer ','2021-05-29',3,88),(256,1318917238490124288,'Noticias CDMX Trabajadores de limpia que exigen apoyo para evitar más enfermedades del Covid_19mx se manifiestan en la \nPicacho Ajusco frente a Six Flags México ','2020-10-21',3,88),(257,1390690224787935238,'Segunda vacuna para mi madre así que si me ven en Six Flags acérquense y con gusto nos tomamos una foto y les firmo mi último disco  ','2021-05-07',3,88),(258,1376246297653575693,'Vacunación en Módulo Six Flags \nPersonal de Ponte Pila da información constantemente a los vacunantes y a sus familiares \nMonitores recomiendan qué hacer después de la vacuna Hay música sillas agua activación física un lunch sencillo y mucha vida ','2021-03-28',3,88),(259,1397580110807670784,'Mi 1ª dosis VacunaCovid19 VacunaTlalpan creo que es PfizerBioNTech en 6Banderas\n\n\nssaludcdmx','2021-05-26',3,88),(260,1288896365808906240,'Back to work  Membership SixFlagsMexico LoveMyJob covid_19 backtowork en Six Flags Mexico ','2020-07-30',2,88),(261,1389312951769763844,'2ª Dosis de la VacunaCovid19 para Mamá y Papá en la AlcaldíaTlalpan\n\nNo hay cobro en el estacionamiento\n\nSixFlagsMexico \nGobiernoCDMX ','2021-05-03',3,88),(262,1418689320899207172,'SPUTNIK  V    Espectativa 5G datos ilimitados  Ruso Avanzado  Fuerza de Supersoldado   Realidad Malestar General Fiebre Alucinaciones vértigo caída de WhatsApp    SputnikV ','2021-07-23',3,89),(263,1481679549423407107,'Felizmente vacunado por ser Profesor de AlValdes1 LeoBeltranR ','2022-01-13',3,89),(264,1385336093134843908,'Fuck Covid ','2021-04-22',2,89),(265,1409523766305169410,'Hoy toca la segunda dosis del VPH  ','2021-06-28',3,89),(266,1378024264071282694,'Excelente coordinación y atención durante la aplicación de la vacuna Covid19 a mi madre   ','2021-04-02',1,89),(267,1456695209018990593,'Vacuna de Daniela  ','2021-11-05',2,90),(268,1481303815752146948,'Se realizaron trabajos de sanitización en la JUD de Almacenes e Inventarios de la Alcaldía Cuauhtémoc esto con la finalidad de prevenir contagios de COVID19 ','2022-01-12',3,90),(269,1452020339421028353,'Segunda dosis esquema completo  ','2021-10-23',2,90),(270,1466104124496388103,'Enormes filas para la vacuna de chavos de 15 a 17 años en la Vasconselos\nPaciencia paciencia\nPero con música ambiental \nVacunaCOVID19 CDMX ','2021-12-01',3,90),(271,1453722019753693196,'Vacuna COVID19 en Biblioteca Vasconcelos ','2021-10-28',2,90),(272,1479858582992691200,'Estación metrobús Buenavista\nPersonas q esperaban prueba covid cierran carril en dirección a Indios Verdes ','2022-01-08',2,90),(273,1451565292417523715,'2da dosis   ','2021-10-22',2,90),(274,1466070477055709189,'La vacuna del sobrino   ','2021-12-01',2,90),(275,1453071727739637761,'Jornada de vacunación COVID19 niños 1217 años con enfermedades crónicas ','2021-10-26',3,90),(276,1451558567652245540,'Aquí nuevamente en la Biblioteca Vasconcelos para recibir la 2dosis de la vacuna Astra Zeneca en Biblioteca Vasconcelos ','2021-10-22',2,90),(277,1473373251179094023,'Falló rotundamente la planeación logística de la aplicación de tercera dosis a adultos mayores aquí es un reverendo desmadre','2021-12-21',3,90),(278,1464336768073928709,'2 dosis  ','2021-11-26',2,90),(279,1452348292646555650,'Día interminable en guardia de vacunación COVID ','2021-10-24',2,90),(280,1473358076824719370,'Es un pindesmla tercera dosis fácil son cómo 4 kms de fila jajajaja ','2021-12-21',1,90),(281,1451292382356459531,'Segunda dosis  ','2021-10-21',2,90),(282,1459520746498236417,'Ya en la formación para la vacuna COVID19 SigamosCuidandonos CDMX ','2021-11-13',3,90),(283,1452345805491380227,'Segunda dosis contra el COVID en Biblioteca Vasconcelos ','2021-10-24',3,90),(284,1466794587066937346,'Amonos ALV A La Vacuna con 5 aunque tardemos mil años en llegar\nALaVacuna SinFiltro Vaccine COVID_19 en Biblioteca Vasconcelos ','2021-12-03',3,90),(285,1451231300786982917,'Segunda dosis AstraZeneca ','2021-10-21',2,90),(286,1457035470383222786,' Vámonos ALV\n\nA la vacuna','2021-11-06',2,90),(287,1395477299382919173,'Vacunado estoy en Escuela Primaria Benito Juarez 140360 ','2021-05-20',3,91),(288,1393751590625030145,'1a dosis de Pfizer Listo Muy eficiente organización y toda la gente de buen ánimo Felicidades a enfermeras y personal de logística Salí muy emocionado  ','2021-05-16',1,91),(289,1395045711419486208,'Solo a esperar las reacciones \nque igual te vas a morir pero bueno \nHay que ayudarle a esta carcasa de hueso y piel docentevacunado covid_19 en Escuela Primaria Benito Juarez 140360 ','2021-05-19',3,91),(290,1400089381822599169,'Traje a mi mamá a la aplicación de su segunda dosis de la vacuna contra el COVID19 ','2021-06-02',3,91),(291,1378398848545095681,'Primera dosis 40 menos d probabilidad   ','2021-04-03',3,91),(292,1395477019568320519,'Hoy 18 de mayo además de ser mi cumpleaños me tocó recibir la vacuna Cansino en Escuela Primaria Benito Juarez 140360 ','2021-05-20',3,91),(293,1394751619313586180,'Recibiendo la aplicación de la vacuna contra el Covid CanSino y de fondo ponen Diosa de que mejor manera de recibir la vacuna','2021-05-18',3,91),(294,1399802547418828803,'En la Escuela Benito Juárez de la Cuauhtémoc la jornada de vacunación para la segunda dosis para adultosmayores avanza muy rápido Ni siquiera hay filas como la vez pasada Aquí pusieron AztraSeneca\n\n','2021-06-01',3,91),(295,1395061387441975299,'Vacuna  ','2021-05-19',2,91),(296,1297564591929663493,'Never imagined including on my outfit a lampshade dressinglikealampshade pandemic coronavirus covid_19 mexico cdmx mexicocity friends followme coloniaroma livingtheendoftheworld ','2020-08-23',2,91),(297,1394701374911361026,'Felizmente vacunado  Gracias LeoBeltranR AlValdes1 doloresb_planet AMEBMexico ','2021-05-18',2,91),(298,1395829716582649868,'La vacuna COVID2019   ','2021-05-21',2,91),(299,1287215159979773953,'Noches de Covid  carmonavirus  1\n\n sky shotoniphone colorful nofilters ajusco mexico cielo redsky popocatepetl mujerdormida en En Mi Mansion ','2020-07-26',2,91),(300,1483505418584346636,'Ésta mañana correspondió a un servidor el turno para recibir la dosis de refuerzo de la vacuna contra COVID19\n\nNo dejen de registrarse y acudir a su cita\n\nLas vacunas ayudan a evitar contagios minimizar síntomas disminuir hospitalizaciones y salvar vidas\n\nCuidémonos ','2022-01-18',3,92),(301,1444326732165754880,'Prearandome previo a la vacuna\nVacunaCOVID19 \nbicicleta ','2021-10-02',2,92),(302,1451936221211545606,'Mi segunda dosis llegó','2021-10-23',3,92),(303,1470829777837871109,'Es una verdadera vergüenza la organización del refuerzo de la vacuna los adultos mayores tienen que estar formados bajo el rayo del sol y recorrer más de 1 km para acceder a la dosis ','2021-12-14',3,92),(304,1483480353323069448,'Hoy es día de vacuna para la dueña de mis quincenas TerceraDosis','2022-01-18',3,92),(305,1444323720902942721,'Señoritaaaaaaaa vacuna porfin','2021-10-02',2,92),(306,1451622952731086852,'Wiiiiiiiiiii\nYa con la segunda dosis\nEstoy Vacunado ','2021-10-22',3,92),(307,1470777237674905613,'En espera de la 3ª dósis para la vacuna ','2021-12-14',3,92),(308,1482086604529455113,'Vacuna Michi   ','2022-01-14',2,92),(309,1443662196656021510,'Hoy me pusieron mi primera dosis vi organización orden y afortunadamente Я смог сделать себе иммунизацию  ','2021-09-30',3,92),(310,1451588511056814085,'Ya listo para mi segunda dosis','2021-10-22',3,92),(311,1466646914422738944,'se hizo presente en la ida de las semifinales de entre Pumas UNAM y Atlas\n\nFINAL 01 ','2021-12-03',3,92),(312,1473279172147617798,' Aquí tranquilo para la aplicación de la tercera dosis a adultos mayores Aún falta una hora para iniciar también Rolen en cafecito no   ','2021-12-21',3,92),(313,1443607853403607041,'Supervizando que no falte nada para la vacuna SputnikV FuerzaMexico ','2021-09-30',3,92),(314,1451179019408379906,'Wtf con lo que me dolió esta vacuna ','2021-10-21',3,92),(315,1453777904329019401,'2da dosis  ','2021-10-28',2,92),(316,1472996495804805120,'Acompañando a Mamá para su tercera dosis ','2021-12-20',3,92),(317,1442938876662669317,'1er dosis  ','2021-09-28',2,92),(318,1449796973708472320,'Un goya en homenaje a nuestros hermanos de tribuna que se llevó el COVID junto a cientos de miles Pumas ','2021-10-17',3,92),(319,1453489132500570118,'Segunda dosis \nSPUTNIKV\nLote 21421B3F2 ','2021-10-27',2,92),(320,1400834309934792708,'Ahora esperando a mamá de su segunda dosis vacuna vs covid ','2021-06-04',3,93),(321,1403885969141555204,'Vacuna AztraZeneca\nGracias presidente\nEs un honor estar con obrador\ncovid_19 covid aztrazeneca vᴀᴄᴜɴᴀcᴏᴠɪᴅ19 vacine cdmx amlo en Deportivo Plateros ','2021-06-13',1,93),(322,1377326865698988035,'Mi madre santa ya toda una anti COVID  en Deportivo Plateros ','2021-03-31',3,93),(323,1404099339954397186,'Lista la vacuna ','2021-06-13',2,93),(324,1400109855483047937,'Habemus vacuna Chip insertado correctamente','2021-06-02',2,94),(325,1441493959528882176,'Segunda dosis  ','2021-09-24',2,94),(326,1419363607113052163,'Por fin primera dosis Covid19   ','2021-07-25',2,94),(327,1473734151849267209,'La tercera vacuna de la jefa  ','2021-12-22',3,94),(328,1440340880259383310,'Al menos ahora la vacuna de Cuajimalpa si estuvo organizada  siempre es divertido ver los contrastes sociales en Santa Fe entre los populares como uno y la alta alta alta alcurnia de esta zona ','2021-09-21',3,94),(329,1397986464579923975,'Ya estuvo con la  primera dosis de SputnikV ahora a seguir trabajando qué hay poco tiempo y todavía mucho que hacer ','2021-05-27',3,94),(330,1418235059681779716,'Por la 2da dosis de la Sputnik V  ','2021-07-22',3,94),(331,1441777701052813316,'Segunda Dosis Joak Vacuna Covid19 AstraZeneca   ','2021-09-25',2,94),(332,1378052964699492354,'La vacuna de la jefa  ','2021-04-02',2,94),(333,1419401186151702537,'Primera dosis ','2021-07-25',2,94),(334,1401191030708396038,'Hoy podría morir tranquilo sabiendo que los jefecitos han recibido su segunda dósis ','2021-06-05',3,95),(335,1397609596584448002,'Es hora de la vacuna Ya casi','2021-05-26',3,95),(336,1378074196803158016,'Hay que reconocer también lo bueno Vacunación vs covid 19 \nExcelente servicio \n\nGobCDMX Gracias a la universidad de la policía al personal por el servicio extraordinario y excelentes instalaciones  ','2021-04-02',1,95),(337,1439291995424497664,'Segunda dosis amonos recio  ','2021-09-18',2,96),(338,1437787370749898759,'Segunda Dosis Time  ','2021-09-14',2,96),(339,1438173459650068484,'Segunda dosis aplicada yujuuuu SputnikV WTC BenitoJuárez PepsiCenter','2021-09-15',2,96),(340,1468640558189096963,'Vacuna contra el COVIDー19 en el WTC\n\nBuena organización ','2021-12-08',2,96),(341,1439240949511696385,'Segunda dosis   ','2021-09-18',2,96),(342,1437779973427941382,'Segunda Dosis   ','2021-09-14',2,96),(343,1438173130107744256,'Segunda dosis Esquema de vacunación completo Modo Ruso  ','2021-09-15',2,96),(344,1467142536217116674,'Im at Vacuna Covid 19 Wtc in Ciudad de México CDMX ','2021-12-04',1,96),(345,1438858072185790466,'Se completó la instalación del chip comunista \n\nAmiguis si son de Benito Juárez y van recibir su 2da dosis ya cáiganle  ','2021-09-17',3,96),(346,1437778353545695235,'Segunda dosis ALV   ','2021-09-14',2,96),(347,1438142415395774465,'Pues no voy a poder tomar por las fiestas patrias pero en esta segunda dosis sí tocó musiquita mamalona\n\nDios da Dios quita \n\n Dale a tu cuerpo alegría Macarena que tu cuerpo e pa darle alegría y cosa buena ','2021-09-15',3,96),(348,1466821788390891520,'Ya con pfizer liste para el reventón ','2021-12-03',3,96),(349,1438849806995267604,'Segunda dosis  SputnikV','2021-09-17',2,96),(350,1426555673890983936,'2a dosis instalación del 5G al 100 y sin foto gracias  ','2021-08-14',3,96),(351,1438135257484742656,'Ya estamos en la segundas dosis del Chip Ruso   ','2021-09-15',3,96),(352,1466454919246983176,'Para la vacuna ion anticovid pueden venir al Pepsi Center no hay filas llegas y directamente entras a la inyección es una mejor opción que ir a la Biblioteca José Vasconcelos vacunacion pepsiCenter ','2021-12-02',3,96),(353,1426532250049519618,'2da dosis at in Benito Juárez Distrito Federal ','2021-08-14',2,96),(354,1438206215004303368,'Soy yo o el algodón de la vacuna huele a Tequila ','2021-09-15',3,96),(355,1437893509655244802,'Segunda dosis  ','2021-09-14',2,96),(356,1439587320043343877,'Ya con segunda dosis\n\nQue amables han sido todos\n\nLas enfermeras fueron bien chispas\n\nT T Me duele el brazo en WTC México ','2021-09-19',3,96),(357,1378067970283479045,'Hoy es de los Días  Importantes en la Vida de mi Familia al Recibir su Vacuna  C19 mis Papás están Más Protegidos en esta Fea Pesadilla  ','2021-04-02',3,97),(358,1300145595659816960,'Yo ya los veo muy divertidos saliendo de vacaciones y a restaurantes luego no le echen la culpa al gobierno por los aumentos de casos de COVID','2020-08-30',3,98),(359,1377070922968993794,'Juntos en una aventura más Hoy nos tocó la primera dosis de la vacuna contra Covid y pienso que ya es un avance en esta película de terror Gracias gracias gracias  love happyday vacuna ','2021-03-31',3,98),(360,1259591945774653441,'quedateencasa quédateencasa covid19 covid_19 quarantinelife cuarentena riesgodecontagio en Col Narvarte Del Benito Juarez DF ','2020-05-10',2,98),(361,1426658172429819909,'STaboadaMx  por favor pongan orden farmacia San Pablo cuauhtémoc y C Beistegui  hacen pruebas covid Ya se que para muchos es trámite para viaje pero y los que no En lo que pase ví a 2 personas con bolsas rojas que dicen tratamiento antiviral Foco de contagio ','2021-08-14',3,98),(362,1353081040508751876,'En un cafe de la Narvarte Calle Uxmal y Torres Adalid full de gente sin tapabocas una mesa tras otra Como si nada Menos mal q estamos en rojo VirusCovid Covid Imprudencia DenunciaCDMX GobCDMX ','2021-01-23',3,98),(363,1293540179207237632,'Great case of takotsubo syndrome presented by my good friend Daniel Manzur  The infection caused by COVID 19 produces a variety of heart disorders echofirst criticalcarecardiovascular teamwork smexcardiologia    ','2020-08-12',1,98),(364,1242477449348296707,'Cómo cansarse rápidamente en casa Cuerda y burpies 12 coronavirus covid_19 karanavairus homegym en Col Narvarte Del Benito Juarez DF ','2020-03-24',1,98),(365,1377338776633008128,'Los papales invertidos Vacunación SARS CoV2 de mi madre en el CUM Col Narvarte  1 dosis','2021-03-31',3,98),(366,1283172079051964419,'Prefiero morir de COVIS que de COVID19 o de coronavirus  en Col Narvarte Del Benito Juarez DF ','2020-07-14',3,98),(367,1352344993294381061,'Espero que los restauranteros no se acostumbren más a la invasión de la vía pública después de la pandemia \n\nUna cosa es el semáforo rojo pero otra que se sientan dueños de la banqueta desde antes del COVID ','2021-01-21',3,98),(368,1241819587630583808,'jacarandas cdmx sunnyday sunday march2020 9marzo2020 covid_19 en Col Narvarte Del Benito Juarez DF ','2020-03-22',2,98),(369,1377338428795150341,'Les comparto con alegría que el día de hoy gracias a Dios  mis papás recibieron la primera dosis de la vacuna contra la COVID19\n\nAgradeciendo a todo el Personal que nos hizo favor de atendernos incluyendo a los elementos de la en todo momento una excelente actitud ','2021-03-31',1,98),(370,1262378010453381128,'vergüenza Hoy a las 600 am Vecinos de la Narvarte poniente morena y palenque  así sus desechos en plena contingencia de covidno tienen excusa de no esperar al carro de basura pero que se les puede pedir  si ni su salud les importa menos de los demás DenunciaCiudadana ','2020-05-18',3,98),(371,1311345892742647811,'Aun no estamos en la nueva normalidad del 19S porque seguimos viendo edificios dañados y que no les hacen nada y ya queremos la nueva normalidad de covid_19 Cómo así ','2020-09-30',3,98),(372,1240808872786395136,'Ayer no me pude bañar hoy no me puedo ni lavar las manos Llevamos un mes con desabasto y comprando pipas en la Narvarte o sea resolviendo de manera privada un problema público así quieren enfrentar Covid_19mx  y SacmexCDMX ','2020-03-20',3,98),(373,1413912110715842562,'Vacunado \nNo bajemos la guardia esto aún no termina \nvacuna\nvacine\ncovid_19 en Deportivo Carmen Serdán ','2021-07-10',3,100),(374,1437834342512926733,'Segunda dosis de SputnikV aplicada ','2021-09-14',2,101),(375,1436345148342951940,'Segunda dosis recordando viejos tiempos en Prepa 9 Pedro de Alba ','2021-09-10',2,101),(376,1481621795602116611,'Y en dónde está su sana distancia covid_19 IMSS pandemiaenméxico omicronvariant en Hospital General de Zona 24 Imss ','2022-01-13',1,101),(377,1412499592554426371,'La segunda dosis 5059 de la VacunaCOVID19 en   GAM prepa9 es un caos largas filas y sin protocolos\nSSaludCdMx ','2021-07-06',2,101),(378,1437827930407718914,'Y como la primera vez esta segunda vacuna fue super rápido y organizado Ya cumplí con el esquema completo de vacunación \n\n Gracias Claudiashein TuAlcaldiaGAM','2021-09-14',3,101),(379,1436333060983869447,'Ya me pusieron mi segunda dosis ','2021-09-10',3,101),(380,1440541461829672970,'Hoy recibí mi segunda dosis de SPUTNIK V contra COVID19\n\nparece que me la aplicaron con jeringa para pavo pero bueno ahora sí loquear\n\nvacúnense protéjanse y protejan a los suyos  ','2021-09-22',3,101),(381,1387037987435950081,'Aquí casual esperando a que apliquen segunda dosis de vacuna a mis papás en Prepa9 GobCDMX UNAM_MX lopezobrador_ SSaludCdMx vacunacioncovid19 ','2021-04-27',3,101),(382,1437819130913214473,'Inmunizado segunda dosis vacuna sputnikv vs covid19  en Prepa 9 Pedro de Alba ','2021-09-14',2,101),(383,1421204186549551105,'Tuve COVID19 Fueron semanas terribles Primero el miedo el aislamiento después la noche que terminé en un hospital tras dos días con oxigenación baja temperatura arriba de 387 taquicardias y la presión en el cielo\n\nVacunarme es un alivio\n\nPor favor háganlo ','2021-07-30',3,101),(384,1438207302113320972,'Imagínense vivir en Francia y perderse está joya SputnikV segunda dósis  ','2021-09-15',1,101),(385,1378136122614808584,'que poca vergüenza Me comentan en la preparatoria 9 que no hay instrucciones para que pueda ser vacunado Cómo Medici CARDIOLOGO tenemos mucho más exposición ahorita Que sucederá entonces','2021-04-03',3,101),(386,1437786831920238605,'Terminando de vacunarme Me impresiona la logística que se tiene en la CDMX Estoy feliz de haber recibido ya la segunda dosis de SputnikV SSaludCdMx ngelAmbrosio1 ','2021-09-14',3,101),(387,1419040775413850113,'Vamos por la primera dosis \nTodo saldrá bien SputnikV\nVacunate ','2021-07-24',3,101),(388,1438180339642343424,'Uju ya tengo la segunda dosis  esquema completo  Sputnik CDMX','2021-09-15',3,101),(389,1378001173341466629,'Aquí casual esperando a que apliquen vacuna a mis papás en Prepa9 GobCDMX UNAM_MX vacunacioncovid19  ','2021-04-02',3,101),(390,1436796950423146497,'2a dosis Astra Zeneca  ','2021-09-11',2,101),(391,1417937480595222536,'Listo   \n\nSi me puse nerviosa  y le tomé una foto oscura a mi flaco  Pero que genial que ya tenemos la primera dosis \n\nLo mejor de todo ir de tu mano  Te amo en Prepa 9 Pedro de Alba ','2021-07-21',3,101),(392,1438140349298454542,'Segunda dosis SputnikV  ','2021-09-15',2,101),(393,1375474695504601088,'2da dosis wuuuu','2021-03-26',2,101),(394,1378012966923161600,'Día de vacunación COVID GAM ','2021-04-02',2,102),(395,1378038114036367362,'Vacuna time para el apasito  ','2021-04-02',2,102),(396,1378070336055435265,'Hoy le toco a mi madre su primer dosis VacunaCOVID19 graciasgracias gracias ','2021-04-02',3,102),(397,1387502598236905473,'Mi tía y mi mamá ya tienen la segunda dosis Que felicidad   ','2021-04-28',3,102),(398,1440730362678628358,'2 dosis ágora si a hablar ruso   ','2021-09-22',3,103),(399,1420808584712105986,'Lo que hace un año parecía imposible hoy es una realidad 1 dosis de vacuna contra COVID ','2021-07-29',3,103),(400,1438925049474473986,'2da SputnikV Covid_19mx ','2021-09-17',2,103),(401,1480991255811215363,'3ra dosis refuerzo de vacuna covid  ','2022-01-11',2,103),(402,1440728553100767233,'Segunda dosis \nsputnikv vᴀᴄᴜɴᴀcᴏᴠɪᴅ19 en Jaime Torres Bodet IPN ','2021-09-22',2,103),(403,1420438634625388546,'Vacunado pero no de la rabia \nEs hora de hablar ruso \nДа здравствуют ублюдки из Мексики','2021-07-28',3,103),(404,1435649924763463680,'2da dosis preventiva Covid_19 ','2021-09-08',2,103),(405,1478425448853946371,'Tercera dosis de vacuna para mi mami   ','2022-01-04',3,103),(406,1440665399108857856,'2da dosis sputnikV \nY mi guajolocombo que  on ta  Jajajaja\n18a29  enmijuventud  ','2021-09-22',3,103),(407,1420435338019971087,'Vacunado y no de la rabia  ','2021-07-28',3,103),(408,1435234801095790605,'Segunda dosis Astra zeneca ','2021-09-07',2,103),(409,1471882707340865546,'Listo Tercera dosis aplicada esperando para ver la reacción   ','2021-12-17',3,103),(410,1440664929694928909,'2da dosis sputnikV \nY mi guajolocombo que  on ta  Jajajaja\n18a29  enmijuventud ','2021-09-22',3,103),(411,1418605545792032772,'Vacunado y entrando en modo V en mi alma mater IPN_Cultura\nSSalud_mx ','2021-07-23',3,103),(412,1435227723581075456,'Segunda dosis  heme aqui','2021-09-07',2,103),(413,1471532078508363776,'Hoy acompañé a mis papás ansu aplicación de 3ra dosis de la vacuna contra COVID19 \nvacuna vacunarse 2021 en Instituto Politécnico Nacional ','2021-12-16',3,103),(414,1440305237336608774,'Desayunamos SputnikV segunda dosis ','2021-09-21',2,103),(415,1417523147222421510,'Día de vacuna SputnikV ','2021-07-20',2,103),(416,1421230454015934465,'el bb ya tiene su vacuna contra el COVID19 hoy fuimos inmunizados con AstraZeneca los de 20s vacúnense chicos de nosotros y seguirnos cuidando depende que esto termine pronto  en Centro Cultural Jaime Torres Bodet ','2021-07-30',3,103),(417,1441062070796042241,'Segunda dosis  ','2021-09-23',2,103),(418,1378099335200710656,'Al fin Ya mi mami tiene su primera dosis Había demasiada gente pero pusieron a descongelar más vacunas regresamos más tarde y pasó de volada Gracias a todos por ser tan lindos Este momento de la vida se llama esperanza \nVacunaCOVID19 \nSputnikV ','2021-04-02',3,105),(419,1395740018988158980,'Macro Centro de Vacunación COVID en STE Transportes Eléctricos a su servicio para habitantes de la alcaldía Iztapalapa de 50 a 59 años en Municipio Libre 402 San Andrés Tetepilco ','2021-05-21',1,105),(420,1389209259242573827,'Del 3 al 7 de mayo habitantes de la Alcaldía Iztapalapa pueden acudir por su segunda dosis a la sede del Servicio de Transportes Eléctricos con su comprobante de la primera dosis y una identificación ','2021-05-03',3,105),(421,1396524575379308545,'Ya vacunado escala en Historiadores y de vuelta a Azcapo ','2021-05-23',3,105),(422,1378050459060015107,'Acaban de entrar mis papás a aplicarse la vacuna Sputnik Prometí no llorar pero si lo estoy haciendo\n\nAgradecida al 100 ','2021-04-02',3,105),(423,1390294932775227394,'Del 3 al 7 de mayo habitantes de la Alcaldía Iztapalapa pueden acudir por su segunda dosis a la sede del Servicio de Transportes Eléctricos con su comprobante de la primera dosis y una identificación ','2021-05-06',3,105),(424,1378197815348887552,'La Universidad Autónoma Metropolitana UAM de Iztapalapa es una de las ocho sedes de vacunación contra Covid19 de dicha alcaldía donde del viernes 2 al martes 6 de abril serán aplicadas dosis de SputnikV a adultos mayores de la demarcación\n\n Kemchs \nViernesSanto ','2021-04-03',3,106),(425,1445435624299892739,'Y con la 2da dosis aplicada doy por comenzado mi Maratón Desvergue Reloaded \nAaavedaaaa es broma pero si quieren no es broma \nSólo ánimas y no tenga reacción alguna ps con la 1er dosis morí \nCovid_19 VacunaCOVID19 SegundaDosis FelizMartesATodos ','2021-10-05',3,107),(426,1414974446310469635,'No hay plazo que no se cumpla Listo para recibir mi primera dosis de inmunización contra la covid    ','2021-07-13',3,107),(427,1453141551455027203,'22  vᴀᴄᴜɴᴀcᴏᴠɪᴅ19 sputnik en CTO Telecomm ','2021-10-26',2,107),(428,1416490780298985474,'Por fin vacunados con primera dosis   ','2021-07-17',2,107),(429,1444309319286247424,'Vacuna time señores','2021-10-02',2,107),(430,1446943454236274693,'Aquí en la vacunación\nMe pusieron Astro Zeneca \nVacuna Covid 2daDosis YaTengo5G en CTO Telecomm ','2021-10-09',3,107),(431,1412544083504009219,'HLGatell  Desorden total en Iztapalapa además de cerrar 2 centros la vacuna está congelada Llevamos más de 2 hrs Neta Estos son sus brigadas correcaminos\nYa tengo miedo de que carajos me van a poner ','2021-07-06',3,107),(432,1415830173472247815,'Primera dosis  en CTO Telecomm ','2021-07-16',2,107),(433,1446502895483039747,'Segunda dosis ya quedó\nMás vale tarde que nunca\nYA PUEDO IR A PERREAR ','2021-10-08',3,107),(434,1435606295550255114,'2da dosis  ','2021-09-08',2,107),(435,1410687577825419266,'Ya listo para recibir primera dosis de vacuna \n\nGracias por la excelente gestión  \n\n m_ebrard   \n','2021-07-01',3,107),(436,1415021155346493447,'Llegando andamos Joak listo para su vacuna anti Covid19   ','2021-07-13',3,107),(437,1410314605587537920,'Primera dosis de la vacuna  ','2021-06-30',2,107),(438,1446219888108900359,'Segunda dosis AstraZeneca   ','2021-10-07',2,108),(439,1410571856319483906,'Excelente día\n\nVacuna contra covid19 en 40 49 años en la FES Zaragoza  \nYa formado para recibir la vacuna \n','2021-07-01',3,108),(440,1414949284164816901,'Primera dosis aplicada  ','2021-07-13',2,108),(441,1436069869724880900,'Venga dosis 2 por mi por ti   ','2021-09-09',3,108),(442,1446199987390533639,'Vacunación COVID    ','2021-10-07',2,108),(443,1378784318626148361,'Recordar reposo de 2472 horas no cigarro no alcohol al menos durante 21 días posteriores a la vacuna','2021-04-04',3,108),(444,1414949120511553538,'Primera dosis  vacunate por favor','2021-07-13',3,108),(445,1435690410266042368,'Actualización del chip Listo AstraZeneca VacunaCOVID19 ','2021-09-08',2,108),(446,1446198608185995270,'SEGUNDA DOSIS DE AztraSeneca  ','2021-10-07',2,108),(447,1378784313941102603,'Ya quedó vacunado también mi señor López\nGracias Estamos más tranquilos ','2021-04-04',3,108),(448,1411023116076158976,'Hoy nos toca\n\nVacuna covid 19','2021-07-02',3,108),(449,1435678872721362946,'Apenas VacunaCOVID19 AstraZeneca Iztapalapa los últimos','2021-09-08',3,108),(450,1445807569075847168,'Ventajas de ser de Iztapalapa \n\n Renta de vivienda asequible\n Las mejores taquerías del DF\n Vacunación con AstraZeneca\n\nA botepronto banda ','2021-10-06',2,108),(451,1254498776280154112,'Happy chernobylnucleartragedy day Recordemos con mezcal de fuego en las gargantas\n\nCovid_19 coronavirus cuarentena mezcal mezcalmólotov Chernobyl Chernobil ChernobylHBO ChernobilNoOlvidamos chernobylinfire ','2020-04-26',2,108),(452,1410690765194416134,'1 Vacuna por mi por ti México   ','2021-07-01',3,108),(453,1415718280715702273,'Primera dosis AstraZeneca   ','2021-07-15',2,108),(454,1446818727949963268,'Segunda dosis ','2021-10-09',2,110),(455,1378547349774024704,' CECyT 7 del Instituto Politécnico Nacional IPN una de las sedes de vacunación contra covid19 en Iztapalapa Fotos tomadas en el primer día de vacunación de la alcaldía donde se administra SputnikV ','2021-04-04',3,110),(456,1415779753605406723,'1a dosis astrazeneca azd1222 vacuna vᴀᴄᴜɴᴀcᴏᴠɪᴅ19 vacunacioncdmx cdmx covid19 astrazenecavacine en Vocacional 7  IPN ','2021-07-15',2,110),(457,1465910622936256517,'Día de vacunación  Photos by covid_19 vᴀᴄᴜɴᴀcᴏᴠɪᴅ19 pfizer 2020 primeradosis en Vocacional 7  IPN ','2021-12-01',2,110),(458,1446219064418914310,'2a dosis astrazeneca azd1222 vacuna vᴀᴄᴜɴᴀcᴏᴠɪᴅ19 vacunacioncdmx cdmx covid19 astrazenecavacine en Vocacional 7  IPN ','2021-10-07',2,110),(459,1378151182410121224,'Testimonio de una hija con sus madre luego de que recibieron la vacuna en CeCyT 7  Vocacional 7 al término de la jornada de vacunación de este viernes 2 de abril \n\n ','2021-04-03',3,110),(460,1409969221904351235,'En la primer dosis de la Vacuna Contra COVID19 en Vocacional 7  IPN ','2021-06-29',3,110),(461,1453847378830630915,'Que son esas mamadas tu mala organización de la vacunacion en Iztapalapa las personas mojandose para recibir su dosis de vacunacion tenemos un reverendo pendejo como secretatio de salud FabianPasos ','2021-10-28',3,110),(462,1446122536828215311,'Cuando mis profesores de secundaria dijeron que pisaría un poli ja pues si lo hice\nAplicándome la segunda dosis pero lo hice ','2021-10-07',3,110),(463,1378033082440294405,'En 1986 me llevaban a vacunar En 2021 me toca llevar a mi mamá Larga fila para el acceso en Iztapalapa pero con flujo ágil La cita asignada por el sistema no sirvió de nada Ya veremos si cuando salga le dan ganas de brindar con Vodka y reinstaurar la URSS COVID19 vacuna ','2021-04-02',3,110),(464,1409964398949539843,'Esperando la primer dosis de la Vacuna contra el SARSCOV2 en Voca 7 ','2021-06-29',3,110),(465,1453124651111133184,'Soy legendario  ya tengo mis segunda dosis de la Sputnik y en vez de estar muerto me siento más vivo que nunca ','2021-10-26',3,110),(466,1445473786552152068,'Regresar a mi casita de estudios por la vacuna  no tiene precio   MiVacuna  ','2021-10-05',3,110),(467,1330585925580185601,'Hospital Covid 19 rodeado de tianguis sin medidas sanitarias  Puro show  SSaludCdMx ','2020-11-22',2,110),(468,1378728709528641541,'Acompañando a la abuelita de mis hijos para que le apliquen la vacuna contra COVID19 es rápido muchas personas apoyando','2021-04-04',3,110),(469,1306000737219088385,'Ley seca en la quien los entiende Con el Covid dicen que es responsabilidad de cada quién cuidarse y luego Esta 4T salió muy puritana cuándo se había visto tal cosa a qué le temen ','2020-09-15',3,111),(470,1438972783493529617,'Listo  segunda dosis SputnikV   ','2021-09-17',3,112),(471,1436748633635016709,'Vacuna \nGanar con Pumas \nVamosViendo en Ciudad Deportiva Magdalena Mixhuca ','2021-09-11',1,112),(472,1470134571102519302,'Por un rato me olvide de todo todo el año toda la tragedia y entonces sonó la dosis perfecta y llegó a mi los recuerdos de las pedas familiares en las que hacíamos un circulo y todos bailábamos ska la última vez que baile con Ferni fue para el festejo de ','2021-12-12',3,112),(473,1425908968929599499,'Ya vacunada Anti covid 19 \nAstra zeneca en Palacio de los Deportes ','2021-08-12',1,112),(474,1438246076008513538,'Ando vacunándome se imaginan que venga  AAAAH  si no me desmayó de la dosis me desmayó al verla jaja VacunaCOVID19 COVID Vacuna ','2021-09-15',3,112),(475,1435318749922484229,'Ar2COVID\nSegunda Dosis DONE Vacuna Astra Zeneca\n\nBandaTwittera no dejen de vacunarse POR PIEDAD  disculpen los ojitos de regalo pero las agujas me dan cosa \n\nPD no más de 35 min duró el proceso y eso que juntaron gente de 2 alcaldías aquí ','2021-09-07',3,112),(476,1451932941060296710,'Estamos ready para la segunda dosis ','2021-10-23',3,112),(477,1425121157242662921,'Gracias ya la primera dosis fue en menos de 5 minutos hasta la vacuna todo muy rápido y excelente  ','2021-08-10',1,112),(478,1436770812435079173,'Definitivamente a algunos les cayó muy bien la vacuna A otros de plano no con dosis única jajajajaja Aquí andamos por la segunda dosis vacunateporlosquenopudieron vacunacionanticovid19 vacunateporlavida Iztacalco','2021-09-11',3,112),(479,1435247071444054021,'Y que nos hacen sacar nuestros mejores pasos  al ritmo de Timbiriche para que la chaviza estuviera en contexto  botarga de panda incluida para generar ambiente aplicación de la 2a dosis cuadro completo ','2021-09-07',3,112),(480,1439252899721355265,'En la vacuna Sputnik por un mundo sin Covid_19mx COVID19','2021-09-18',3,112),(481,1421559795325210624,'1ra dosis con Tusa y Bichota de fondo ','2021-07-31',2,112),(482,1436765758894260228,'Segunda dosis de la vacuna  en Palacio de los Deportes ','2021-09-11',1,112),(483,1420077313698455553,'A punto de recibir mi primera dosis de la vacuna rusa  ','2021-07-27',3,112),(484,1413914643035312133,'Vacuna  ','2021-07-10',2,2),(485,1415709489043496963,'Lo bueno 1ra dosis con mis hermanos y Lo malo nos portamos bien y no nos dieron paleta','2021-07-15',3,2),(486,1417192910819368962,'Hoy fue la aplicación de mi segunda dosis de Vacunacion así los bailes ','2021-07-19',3,2),(487,1396133258052706307,'Aquí ennla vacunación nacional Covid_19  \nElPalacioMx ','2021-05-22',2,2),(488,1413932370059833345,'Mi primer dosis Astra Zeneca \nGracias a m_ebrard Claudiashein HLGatell','2021-07-10',3,2),(489,1412465071586955270,'Primera dosis','2021-07-06',2,2),(490,1416072434759966725,'De las pocas veces que vengo por acá sin que se trate de algún concierto AstraZeneca ','2021-07-16',3,2),(491,1372916715743510535,' Vacunación COVID19 Iztacalco CDMX \nEsperando a que la vacuna se descongele para la aplicación de la SegundaDosis a mamá ayer fue turno de papá Todo en orden y organizado \n\n Uno como quiera pero las criaturas \nPD QuedateEnCasaYa ','2021-03-19',3,2),(492,1412453879128657929,'Día de vacuna COVID19 ','2021-07-06',2,6),(493,1407355913372045318,'Vacuna 2da dosis  ','2021-06-22',2,6),(494,1412821499803807751,'No que no tenía efectos secundarios la vacuna\nYa me salieron alas \n\nvᴀᴄᴜɴᴀcᴏᴠɪᴅ19 en Deportiva Xochimilco ','2021-07-07',3,6),(495,1483653072152788992,' hora de dormir buenasnoches deseo con todas mis fuerzas que el covid termine nomas familias   incompletas  ','2022-01-19',3,52),(496,1482176062020890632,'Se imaginan si hubiese pruebas\n\nNotifica Ssa otros 44 mil 293 casos de Covid cifra récord  Vía ','2022-01-15',2,52),(497,1481487606923898885,'Solo hay que ver las gráficas no se requiere ni la secundaria terminada para darse cuenta de que la vacuna sí sirve ','2022-01-13',3,52),(498,1481727262361853953,'Porque no informas mejor que existe el covid 30 En vez de estar mal informando che remendo de chayotero ','2022-01-13',3,52),(499,1482741143058239490,'Que tiempos aquellos señor don al lado del señorón de la narración Don Pepe Espinoza ahhh que recuerdos se nota que ya tengo las tres dosis de vacuna covid 19','2022-01-16',3,52),(500,1482140484768305162,'SuperBowl\nQuienes vayan a ir\n Completa vacunación \n Prueba Covid Negativa de un día antes\n Cubrebocas \n\nSe esperan 72000 aficionados','2022-01-15',3,52),(501,1481698762879819781,'lajornadaonline Ahora también hay que pagarles ayuda psicológica si contraen Covid los Consejeros del INE  \nYa deberían tomarla porque están desbordados empezando por y ','2022-01-13',3,52),(502,1481480992443482112,'she has her own management since PCD days and right now theres a lot of pression to Let the Dolls shine but she refuses\n\nShe decided to make the announcement to PROVE SHE HAS THE POWER putting such lame Covid excuse after asking for more money and creative control  ','2022-01-13',3,52),(503,1482080090791972864,' Asimismo habrá jornada para rezagados de primer y segunda dosis\n\n Pepsi Center \n Del martes 18 al viernes 21 de enero\n De 800 a 1600 hrs ','2022-01-14',3,52),(504,1482721605402996739,'consecuencias  \n\nNovak Djokovic fue deportado de Australia\n\nNo hay vacuna no hay juego\n\nNo era tan complicado','2022-01-16',3,52),(505,1481460059297267716,'CiroMurayamaINE Amo las vacunas de la 4T sputnik v solo 3 días con Omicron','2022-01-13',3,52),(506,1481693808756772876,'Vacuna','2022-01-13',2,52),(507,1482050341965340679,'Dosis de refuerzo ','2022-01-14',2,52),(508,1482617157934624771,'Aaayyy cabroónOii nomás todo un mundo nos separa por dos distintos  senderos Pero el amor es más fuerte que el poder del mundo entero y allá allá al final del camino con mi corazón te espero\nClásica de barrio Si no fuera por el Covid ahí iba','2022-01-16',3,52),(509,1481434712979787779,'lumendoz Jajaja el año pasado me dió covid y fui al kiosko a hacerme la prueba me hicieron la rápida y PCR la primera negativo y la segunda el resultado me lo dieron un mes después cuando ya se me había quitado','2022-01-13',3,52),(510,1481690715231031299,'Exacto agregaría si ya sabemos que el covid se transmite básicamente por la baba entonces guardemos silencio ','2022-01-13',3,52),(511,1482586723934744577,'No queremos el negocio de Alcaldías de para pruebas de Covid_19 \nmauriciotabe Contamos con hospitales y laboratorios privados para quien pueda pagarlos \n\nDejen de lucrar con la pandemia','2022-01-16',3,52),(512,1482037427736879104,'Espero que sea cierto eso de que con sputnik no contagias','2022-01-14',3,52),(513,1481686887731544065,'FAKE ja ja\nSi se dieran una vuelta a cualquier clínica y escucharan cuantos padecimientos llegan de pacientes q presentan problemas q no tenían antes o desde q me puse la vacuna\nAhora resulta que creen todo lo que se publica en los medios noticia y lo que dice el Gobierno ','2022-01-13',3,52),(514,1481418477386846208,'AvecNicole Great story both of you Great image that show us how beautiful is this world and remind us that COVID is about to end','2022-01-13',2,52),(515,1481849302528008193,'Todo va a estar bien Ya vacunado es papita A descansar','2022-01-14',2,52),(516,1481657521957863426,'Pues la vacuna fue en friega está vez a ver qué tal','2022-01-13',3,52),(517,1482564712722141184,'Recuerda que lo tenemos que multiplicar por 30 para la cifra exacta o sea 1413900 casos de COVID19 esta es la real o sea yo tengo otros datos verdad y par de homicidas mentirosos ','2022-01-16',3,52),(518,1481332615248502785,'Amo mi vacuna SPUTNIK V Gracias  México ','2022-01-12',2,52),(519,1481821660990877698,'Este gobierno es lo peor que existe Solo tiene ocurrencias\n\nRecorta Ssa a 7 días tiempo de aislamiento por Covid  Vía ','2022-01-14',3,52),(520,1481500555453550592,'Considerando lo contagioso que es ÓMICRON y el despapaye en la CDMX quien tiene COVID en estos momentos','2022-01-13',3,52),(521,1482536918650953730,'estoy la sucursal de la Alcaldía Alvaro Obregón y no es posible que a pesar de haber agendado cita nos hagan esperar para recibir la atención Mi cita era a las 755 pm de hoy pagé previo al servicio es respecto de una prueba COVID PCR ','2022-01-16',3,52),(522,1481299068601212934,'51515 eres positivo a covid en Mx Registrate para mejorar la estadística en el país','2022-01-12',3,52),(523,1481778916213805057,'Ve a jugar  no me han puesto la tercera dosis booster pero yo pienso que no tendrás problema ','2022-01-14',3,52),(524,1481234543319425027,'jrisco EduardoClark  se puede obtener un certificado de vacunación oficial donde aparezcan las dos dosis y el refuerzo contra Covid como comprobante aquí y el extranjero','2022-01-12',3,52),(525,1418676316266799111,'Muy buena organización para la vacuna respect Campo Marte Miguel Hidalgo DF ','2021-07-23',1,78),(526,1417869677364011021,'Primera dosis lista\nvacunacioncovid19  SputnikV ','2021-07-21',2,78),(527,1420843079414730757,'Cuántos  compás reencontraron en su vacuna SputnikV CDMX ','2021-07-29',3,78),(528,1438182892132311048,'Segunda dosis   \nCadena de oración para que esta vez no me tumbe  ','2021-09-15',3,78),(529,1416266754049806340,'Vacunado ','2021-07-17',2,78),(530,1418291047583584260,'Sputnik 1a   ','2021-07-22',2,78),(531,1420747578665209858,'Creo que me tarde más en subir las escaleras del metro Auditorío en lo que me aplicaron la vacuna ','2021-07-29',3,78),(532,1438151140508569605,'Sputnik   ','2021-09-15',2,78),(533,1416101034343256074,'Por fin la segunda dosis Luz al final del túnel Muy largo este pinche túnel en Campo Marte Miguel Hidalgo DF ','2021-07-16',3,78),(534,1418287274551296004,'Normalicen llorar después de recibir la vacuna en memoria de la gente que no tuvo esa oportunidad \n\n\n\nLlore Festejacion Vacunate VacunaCOVID19 VacunaObligatoriaEs vacuna','2021-07-22',3,78),(535,1420500524311449605,'vaccine sputnikv mexico covid Campo Marte Miguel Hidalgo DF ','2021-07-28',2,78),(536,1437861493068926980,'La base del virus ha sido actualizada Segunda dosis SputnikV ','2021-09-14',3,78),(537,1416099574440202243,'Segunda dosis alla vamos  ','2021-07-16',3,78),(538,1418255458544979969,'Que nostalgia se siente recibir la vacuna contra la COVID 19  \nEmpezamos a ver la luz ','2021-07-22',3,78),(539,1437846866129997824,'Segunda dosis ','2021-09-14',2,78),(540,1420083362111307778,'Primera dosis  ','2021-07-27',2,78),(541,1416085953282772992,'Ya en la segunda dosis  VacunaCOVID19 ','2021-07-16',3,78),(542,1417903176527777794,'Desde Campo Marte\n\nPor fin\nRecibí mi vacuna\nLa Dosis Perfecta \n12\n\nSaludos a todos en Campo Marte Miguel Hidalgo DF ','2021-07-21',1,78),(543,1437843707802361873,'Sputnik V segunda dosis yeeeeei ','2021-09-14',2,78),(544,1420060683652288516,'Me toca la vacuna y tengo miedito  ','2021-07-27',3,78),(545,1416040269338890243,'Listo para entrarle a los chingadazos con el COVID\n\nSegunda dosis de Pfizer recibida  ','2021-07-16',3,78),(546,1417884717664329730,'Por fin después de tanto tiempo primera dosis','2021-07-21',3,78),(547,1420059997237649408,'Yo en la vacuna\n\nCómo que no hay bonelessni postración ','2021-07-27',3,78),(548,1437801816012599305,'Segunda dosis Sputnik V \nA la enfermera le pareció muy lindo vacunarme abajo de mi tatuaje Inmenso país \nInmenso y rico nuestro México dijo \n\nEn la Miguel Hidalgo ya están vacunando a las personas entre 1839 años ','2021-09-14',3,78),(549,1415304326780755969,'Necesito un café post 2a dosis de vacunación ','2021-07-14',2,78),(550,1417878171865784322,'Vacunado  en Campo Marte Miguel Hidalgo DF ','2021-07-21',2,78),(551,1420058664522637316,'Ya pusieron Me Rehúso y luego Tusa en la fila de la vacuna\n \n\n\nAgradecido con el de arriba','2021-07-27',3,78),(552,1421476438520238088,'Vacuna Time  ','2021-07-31',2,78),(553,1415301915374669829,'El filtro para entrar a la 2a dosis de Pfizer en Campo Marte muy estricto pero una vez dentro la aplicación de la dosis fue muy rápida ','2021-07-14',3,78),(554,1420056244459606021,'Y después de la vacuna  ','2021-07-27',3,78),(555,1419044898947444736,'Día de vacuna AmigosChavorrucos Treintañeros SputnikV HabiaAmbiente ArenaCDMX ','2021-07-24',2,79),(556,1413949059245744130,'Gracias a la GobiernoMX GobCDMX pero sobre todo a mi cabecita de algodón ya tenemos la primera dosis de AstraZeneca contra la COVID19 ','2021-07-10',3,79),(557,1397600991122448389,'Mis respetos para la organización para la vacuna contra el Covid en la está súper fluido solo se pierde la sana distancia tanto para los interesados como para sus acompañantes por lo demás está súper bien gracias Excelente servicio','2021-05-26',1,79),(558,1409884971553243137,'lopezdoriga  lopezobrador_ jorgeberry  estoy en la vacunación en Azcapotzalco y junto con la vacuna reparten la Cartilla Moral que bueno que esto no es asunto político si no se imaginan hay que aprovechar para adoctrinar al que se deje ','2021-06-29',3,79),(559,1418417660979818498,'Pos ya vacunada Camaradas SPUTNIK_V  Si hubo baile super rápido pero NO ENCONTRÉ AL AMOR DE MO VIDA ','2021-07-23',3,79),(560,1413908480876941318,'Lista la primera dosis de la sustancia extraña creada para quitar el libre albedrío de la población y lograr la dominación mundial para aquellos que programan nuestra vida ','2021-07-10',3,79),(561,1383846323418402821,'Seguimos en el área de observación después de la aplicación de la segunda dosis Gracias muchas gracias por procurarnos gobierno de México   ','2021-04-18',3,79),(562,1408524921702010881,'Y por cierto  este tío VarMe el día de ayer ya pudo vacunarse contra la Covid19\nA pesar de ser tanta gente todo super organizado y todmuy amables \n\nFelicitaciones a todVacunaCOVID19\nvacuna cdmx sectorsalud ','2021-06-25',3,79),(563,1417658964435681281,'Vacunado con SputnikV camaradas     ','2021-07-21',2,79),(564,1412459026584117248,'En la fila para ser vacunado ','2021-07-06',3,79),(565,1408480422992953349,'Listos para vacuna  ','2021-06-25',2,79),(566,1383841575097171969,'Listo para que me apliquen la segunda dosis de la vacuna   ','2021-04-18',3,79),(567,1417538866400071681,'Por fin tocó la vacuna contra el COVID19   Que nervios  ','2021-07-20',3,79),(568,1412457596263489539,'Nos toca la 1ra vacuna de los chavos vintage   ','2021-07-06',3,79),(569,1408451708964032524,'Primera dosis de la vacuna Sin foto ni video no surte efecto\nAtención eficaz amable una gran experiencia social y ciudadana ','2021-06-25',1,79),(570,1383833913299070987,'Mi mamá apunto de recibir la 2da dosis ','2021-04-18',3,79),(571,1417515332634398722,'Primera dosis lista Azcapotzalco SputnikV YoSiMeVacuno ','2021-07-20',2,79),(572,1412451389511548931,'Listo primera dosis en Arena Cdmx ','2021-07-06',2,79),(573,1408158352979501061,'A la vacuna   ','2021-06-24',2,79),(574,1383087044667265029,'Segunda dosis de mi mamá   ','2021-04-16',3,79),(575,1413967097529610245,'Muy mal estamos desde las dos de la tarde esperando porque se terminó la vacuna  y ya pasaron a decirnos que si queremos nos podemos ir porque no tiene hora de llegada  ','2021-07-10',3,79),(576,1411036677410283534,'Ahora sí estoy sorprendida de la cantidad de gente que hay para la segunda dósis de la VacunaCOVID19  Creo que todos lo dejaron para hoy En la fila después del registro he dado 2 vueltas al estacionamiento y llevo mas de 10 minutos','2021-07-02',3,79),(577,1382718390847045633,'Ya con la segunda vacuna   ','2021-04-15',3,79),(578,1408145986669645834,'Vacuna Time   ','2021-06-24',2,79),(579,1395061190779445248,'VacunadoVacunaCOVID19 ','2021-05-19',2,83),(580,1418261538314522633,'Todo era risas y diversión antes de la vacuna en Centro De Estudios Navales En Ciencias De La Salud ','2021-07-22',1,83),(581,1424012243092574208,'Segunda dosis  ','2021-08-07',2,83),(582,1400461197313417221,'Listo primera dosis de la vacuna vs SARSCoV2 super bien organizado y rápido','2021-06-03',1,83),(583,1417943679076085760,'Ya en la vacunovsky Sputnik    ','2021-07-21',3,83),(584,1394756245156864000,'Acompañando a la vacuna en Centro De Estudios Navales En Ciencias De La Salud ','2021-05-18',1,83),(585,1400203158794735624,'estadocivil vacunado finalmente  ','2021-06-02',3,83),(586,1423367345314025473,'Segunda dosis  ','2021-08-05',2,83),(587,1394749247912808449,'Ya por fin vacunado ','2021-05-18',3,83),(588,1400127228751581185,'First dosis    ','2021-06-02',2,83),(589,1417920603135246339,'Listo para la vacuna \n\nSputnikV','2021-07-21',3,83),(590,1423315110253060104,'Segunda dosis  vacuna','2021-08-05',2,83),(591,1394727817645105152,'La vacuna Cansino contra el covid19 arde poquito cuando la aplican y me arde ahorita todavía el brazo','2021-05-18',3,83),(592,1399748245262327811,'Inicia la aplicación de la primera dosis anticovid AstraZeneca para los adultos de 40 a 49 de la alcaldía Coyoacán\n\nDel martes 1 al sábado 5 de junio se espera vacunar 106 mil 227 adultos de esta demarcación\n\nElementos de la atentos ayudando en todo momento ','2021-06-01',3,83),(593,1417907089641517059,'Pura pinchi Sputnik alv   ','2021-07-21',2,83),(594,1422574716225732610,'Segunda dosis sinohayfotonovale jajajaja nocherto   ','2021-08-03',2,83),(595,1394720227687112706,'Ya llegué por mi vacuna contra el covid19 \nQué nervios','2021-05-18',3,83),(596,1396164719321485315,'VACUNA   ','2021-05-22',2,83),(597,1417552794366717955,'La base de datos de virus ha sido actualizada \nLa neta si llore me da sentimiento pensar en la banda que no llegó también por todo lo que representa socialmente lograr la vacunación Aplausos de pie para el equipo de salud y apoyo hacen un trabajo de primera \nCovid_19mx ','2021-07-20',3,83),(598,1418663406673047554,'Me pude colar con otros cuantos a la vacuna antes de tiempo acudimos como acompañantes de unas treintonas y de una ','2021-07-23',3,83),(599,1395804435520032771,'Vacunado  ','2021-05-21',2,83),(600,1394717318345859072,'Vacunado\n\n\n\nCovid_19mx vacunacion VacunaCOVID19','2021-05-18',2,83),(601,1417481603669008413,'Cuando llego por mi primer dosis SPUTNIK ','2021-07-20',3,83),(602,1418613384329797638,'Porque si no te tomas foto no te vacunaste\nYo ya con ganas de pelearme con un oso y bailar la mamushka  siquesiiiiiii \n\nvᴀᴄᴜɴᴀcᴏᴠɪᴅ19 covid_19 sputnik vaccine en Centro de Estudios Superiores Navales ','2021-07-23',3,83),(603,1394653443474825217,'La vacuna para los maestros con todo y música de rock urbano cortesía del chico del megáfono ','2021-05-18',2,83),(604,1395452481845571589,'Por lo de mi accidente vacuna de tétanos las enfermeras no me querían vacunar me canalizaron con los médicos militares y ellos autorizaron mi vacunación Por fin Después de dar mil vueltas en la base militar Vacunada   ','2021-05-20',3,83),(605,1408449976028569604,'Segunda dosis a mi cabeza de algodón   ','2021-06-25',3,83),(606,1418600188222926850,'Primera dosis lista camarrrradas\n\nSputnikV en Centro de Estudios Superiores Navales ','2021-07-23',1,83),(607,1387464786166812678,'Merecemos la vacuna VacunaCOVID19 NoNosVamosACallar ','2021-04-28',2,83),(608,1400902915318026243,'Vacuna time  ','2021-06-04',2,83),(609,1376214129413881860,'Hoy le toca la vacuna a mi mamá  ','2021-03-28',3,84),(610,1400133105072152579,'Vacunado  ','2021-06-02',2,84),(611,1375131597972852748,'Vacuna dé Patolin  ','2021-03-25',2,84),(612,1375537385598025739,'Hoy mi papá recibió la primera dosis de la vacuna contra Covid19 feliz de comenzar a dar estos pasos rumbo a una mejor calidad de vida no hay que bajar la guardia esto es solo un primer paso pero un paso gigante lo mejor ver su cara de felicidad tras haber sido vacunado  ','2021-03-26',3,84),(613,1375857521978658820,'Esta mañana mi abuela mayor recibió su primera vacuna contra la covid19\n\nEmotivamente me siento feliz y agradecido con todas y todos quienes forman parte del Plan Nacional de Vacunacion en la Ciudad de México\n\nExcelente planeación y comunicación estratégica ','2021-03-27',1,84),(614,1400063708169134083,'Hoy toca AstraZeneca ','2021-06-02',3,84),(615,1374503713037946880,'Mañana iniciamos vacunación CDMX vacunacion  TlalpanAl   Pfizer ','2021-03-23',2,84),(616,1375498334195093506,'Habemus vacuna    en Centro De Exposiciones Y Congresos Unam ','2021-03-26',1,84),(617,1291391014410891272,'Regresa seguro a NTS Clinic Estas son las medidas de sanidad con las que contamos en nuestras sucursales Si sospechas que tienes o tienes Covid19 te invitamos que tomes a consulta en video llamada como tu opción puedes solicitarla en cualquiera de nuestras dos sucursales  ','2020-08-06',3,86),(618,1419013877015187459,'Vacuna ASTRA ZENECA Covid19 24Julio21  ','2021-07-24',2,86),(619,1423299045934645253,'Vámonos recio segunda dosis Pinche Covid  ','2021-08-05',2,86),(620,1417542194844536837,'Ya por fin vacunado  \nY sin contagiarme en todo este tiempo sigamos cuidándonos \n\n\n\n\n\ncovid_19 vacúnate health mexico staysafe blessed en Prepa 5 José Vasconcelos ','2021-07-20',3,86),(621,1270022565805699073,'Gracias a y por la donación de cerca de 500 kits de EPP para personal de salud a cargo de pacientes con COVID_19 Una labor invaluable Gracias  ','2020-06-08',1,86),(622,1417626901921865734,'Agradezco a todo el personal médico y a quienes hicieron posible que ya exista una Vacuna contra el Covid_19 Vacúnate sigamos cuidándonos YomeVacuno en Prepa 5 José Vasconcelos ','2021-07-20',2,86),(623,1409537101373317127,'2da dosis para los míos papás    ','2021-06-28',2,86),(624,1423268974805012482,'Listo  Segunda dosis ','2021-08-05',3,86),(625,1254492579141496832,'Uno y mil aplausos a ellel gran personal de salud de Gracias a su compromiso mañana entra en operaciones el Hospital General de Zona No 32 en Villa Coapa una de las 184 unidades médicas del Plan de Reconversión Hospitalaria para atender 100 Covid_19mx ','2020-04-26',2,86),(626,1417550515773198339,'Habiendo recibido la primera dosis de la vacuna Oxford AstraZeneca para protegerme frente al COVID19 en Prepa 5 José Vasconcelos ','2021-07-20',3,86),(627,1420818657685303298,'Mi primera dosis de vacunación ','2021-07-29',2,86),(628,1403412381384986631,'Vámonos recio vacuna covid  ','2021-06-11',2,86),(629,1443302558626246658,' Toma esto Covid_19  \n Segunda dosis aplicada  \n Por todos los familiares amigos  compañeros vecinos y colegas que no llegaron a este punto Vacúnate \n Gafas necesarias porque traía ojito Remi  ','2021-09-29',3,90),(630,1442872895542235140,'Manden buena vibra para que la segunda dosis no me pegue tanto como la primera ','2021-09-28',3,90),(631,1450972975423963141,'Segunda dosis de AstraZeneca  contra el Covid19 pero a qué costo  ','2021-10-20',3,90),(632,1426752126005530628,'Vaccine at BibliotecaVasconcelos CDMX AstraZeneca Covid19 Coronavirus\n\n14082021 en Biblioteca Vasconcelos ','2021-08-15',2,90),(633,1426628944384733186,' Vacunado   ','2021-08-14',2,90),(634,1443256514223935492,'Lista la segunda dosis ahora a ver si no me lleva la gaber vᴀᴄᴜɴᴀcᴏᴠɪᴅ19 porlosquenoestan en Biblioteca Vasconcelos ','2021-09-29',3,90),(635,1442836701760659457,'Turno 100000009 para la segunda dosis  ','2021-09-28',3,90),(636,1444390647901925378,'Segunda dosis de la vacuna anti COVID  ','2021-10-02',2,90),(637,1425911633763831818,'Astra Zeneca esta bien ya Pfizer o Sputnik es vanidad\n\nRecuerda que vacuarte salva vidas  en Biblioteca Vasconcelos ','2021-08-12',3,90),(638,1428425032343166980,'Feliz por acabar de recibir la segunda dosis de la vacuna Agradecida por la excelente atención y compromiso de las y los voluntarios de a pie que suavizan esta experiencia Gracias a voluntaries médicos y ciudadanos','2021-08-19',1,90),(639,1443255642416812034,'Listas las dos dosis  VacunaCOVID19 ','2021-09-29',3,90),(640,1444382990327549955,'Les comparto que hoy me tocó la Dosis 2 de AstraZeneca \n\nAl Covid19 lo vencemos con ciencia y unidad Sin bajar la guardia JuntosPodemos \n\nReconocerle al la buena organización del proceso en esta 2ª etapa Ha cumplido con su obligación de forma digna ','2021-10-02',3,90),(641,1425531564654465034,'Oficialmente TeamAstraZeneca amigPrimera dosis y sí me dolió  pero afortunada porque la base de datos de virus ha sido actualizada \nAstraZeneca vaccinated CDMX ','2021-08-11',3,90),(642,1428405592666918912,'En la segunda vacuna  ','2021-08-19',3,90),(643,1443236124131045382,'Nivel 2 de la vacuna desbloqueado   AstraZeneca vacunacioncovid19','2021-09-29',2,90),(644,1444340122766434312,'A darle segunda dosis  ','2021-10-02',3,90),(645,1419295658813665282,'El día de hoy vamos a reportar que show con las pruebas covid\nMe encuentro en la plaza forum buenavista para ver si alcanzó prueba Mucha gente  \nCOVID19 forumbuenavista pruebascovid pruebacovi Covid ','2021-07-25',3,90),(646,1428052552831143936,'Literatura idónea  mientras reposamos en la 2a dosis Astra Zeneca ','2021-08-18',2,90),(647,1444329396471353351,'Puedo decir que llegue a mi segunda dosis sin haberme contagiado ','2021-10-02',3,90),(648,1442918469926678529,'Ya segunda dosis  súper rápido ','2021-09-28',1,90),(649,1416857627674521602,'En la vacuna para Gaby en la capirucha la segunda dosis de Pfizer la mía no se hasta cuando la van a poner ','2021-07-18',3,90),(650,1427714511881056256,'Listo segunda dosis en Biblioteca Vasconcelos ','2021-08-17',3,90),(651,1443588551677865994,'2a Dosis   ','2021-09-30',2,90),(652,1442911475291488258,'Y aquí para la segunda dosis de AstraZeneca vacunacioncovid19  invicta  ','2021-09-28',3,90),(653,1415763686728343552,'\nTerminé vacuna segunda\n\nワクチン接種2回目\n\n会場はおしゃれ図書館にて\n\nなんとスタンディング接種www\n\n副反応があまり出ませんように 場所 Biblioteca Vasconcelos ','2021-07-15',2,90),(654,1427677376171974660,'Acabando de concluir la segunda dosis de la vacuna gracias a todos por permitirme llegar aquí','2021-08-17',3,90),(655,1443588417174990850,'Estando en observación post vacuna una señora le pide prestada una pluma a mi hermana y cuando se la regresa le dice ya la desinfecté gracias  qué triste pero qué hermoso ','2021-09-30',3,90),(656,1442898623897878532,'Por los que no tuvieron la oportunidad de hacerlo y por nuestros seres queridos   vacunacion Vacunate  thanksgod segundadosis AstraZeneca ','2021-09-28',3,90),(657,1415536604131770369,'2da vacuna  pfizervacine en Biblioteca Vasconcelos ','2021-07-15',2,90),(658,1426756989741256706,'Carrizo\n\nVaccine at BibliotecaVasconcelos AstraZeneca\n14082021 en Biblioteca Vasconcelos ','2021-08-15',2,90),(659,1442889959849926667,'Recibiendo la segunda dosis de la vacuna contra el Covid_19 en menos de 40 minutos gracias a la logística del Reconozcamos el esfuerzo y la coordinación para garantizar la salud de los mexicanMuchas gracias y La salud primero ','2021-09-28',3,90),(660,1426197099729899526,'Listo Segunda vacuna aplicada \n\nNo puedo dejar de reconocer la excelente organización y empeño del que lo hace posible y la gestión en obtenerlas del Sigamos cuidándonos sana distancia uso de cubrebocas y lavado constante de manos \n\nVacunaCOVID19 ','2021-08-13',3,92),(661,1439316421700472833,'Segunda dosis de la vacuna sputnikv contra el covid_19  ojalá que está pesadilla acabe pronto  La enfermera tiene mano santa ni sentí la inyección  en Estadio Olímpico Universitario ','2021-09-18',3,92),(662,1440745911739510786,'2a dosis  en Estadio Olímpico Universitario ','2021-09-22',2,92),(663,1442925791977771009,'Se logró la primera dosis jaja   ','2021-09-28',3,92),(664,1425868781604200448,'Segunda dosis Astra Heineken Listo  ','2021-08-12',3,92),(665,1438952858318221312,'Sputnik V 22 en Estadio Olímpico Universitario ','2021-09-17',2,92),(666,1440711648814137356,'La base de datos de virus ha sido actualizada\nSegunda dosis de Sputnik V ','2021-09-22',3,92),(667,1441877303106154498,'Segunda dosis completada  \nLa Chaviza lo ha logrado\nAl fin\nPd Arriba las chiiiiivas a la de los pumas no la pelen jajajaja \n2daDosis SputnikV MeCuidasTeCuido  Vacuna   ','2021-09-25',3,92),(668,1438879387483615232,'Sputnik    ','2021-09-17',2,92),(669,1425841797721374723,'Primera Dosis\nASTRAZENECA ','2021-08-12',2,92),(670,1440506297070145538,'Segunda Dosis Sputnik V  ','2021-09-22',2,92),(671,1441835094885294083,'Segunda dosis   ','2021-09-25',2,92),(672,1425818423573893132,'Hasta los dinosaurios vienen a la vacuna Por qué tu no \nvacunacióncovid19\nvacunacióncdmx ','2021-08-12',3,92),(673,1438238292449845252,'Segunda dosis check  fuck you covid ','2021-09-15',2,92),(674,1440438268441419779,'Cumpliendo con la segunda dosis vacuna covid_19 seguircuidandonos en Estadio Olímpico Universitario ','2021-09-21',3,92),(675,1441796133274202112,'Comiendo tacos y esperando la vacuna  en Estadio Olímpico Universitario ','2021-09-25',3,92),(676,1425229905743290371,'Segunda dosis aplicada  ','2021-08-10',2,92),(677,1438235788689432585,'Vacuna   ','2021-09-15',2,92),(678,1440417048648028169,'amigs ya recibí la segunda dosis de la vacuna Sputnik V \n\nahora sícompletamente vacunaditto jajaja\n\nla 1a dosis me causó cero 0 reacciones mi expectativa con la segunda dosis es que tampoco me ocasione ningún malestar \n\nalso me vine a dar el rol a las islas LOL ','2021-09-21',3,92),(679,1441117218469670925,'Por fin segunda dosis  Vacuna Covid19 SputnikV  ','2021-09-23',2,92),(680,1425124373984251905,'En mi alma Mater con harta gente al parecer hay de 1era y 2da dosis','2021-08-10',3,92),(681,1437890733717983252,'Im ready  go away COVID Second jab  ','2021-09-14',2,92),(682,1440336295759265796,'vᴀᴄᴜɴᴀcᴏᴠɪᴅ19 \nSegunda Dosis  en Estadio Olímpico Universitario ','2021-09-21',2,92),(683,1441085805993156608,'Vacuna time  ','2021-09-23',2,92),(684,1425113305039921155,'Segunda dosis Astra Zeneca   ','2021-08-10',2,92),(685,1426622963990863876,'Vacuna 20  ','2021-08-14',2,92),(686,1440308559674101768,'Oficial dosis completas vᴀᴄᴜɴᴀcᴏᴠɪᴅ19  en Estadio Olímpico Universitario ','2021-09-21',2,92),(687,1440752617496322061,'Segunda dosis Ya falta menos para que esta pesadilla acabe   ','2021-09-22',3,92),(688,1425094576080138245,'qué nostalgia y privilegio el haber recibido la primera dosis de mi vacuna mi total admiración y respeto al cuerpo médico que ha hecho todo esto posible\n\nno lo puedo creer ','2021-08-10',3,92),(689,1439653709001154561,'Primera vez que visito el estadio olímpico de la y fue para la segunda dosis de ','2021-09-19',3,92),(690,1425869490902945793,'Ya listo con mi segunda dosis ante el covid 19 pero no por eso hay que bajar la guardia hay que seguir con las medidas necesarias\nCjmConLaSociedad \nSomosPRI ','2021-08-12',3,96),(691,1413231349251678216,'OsFa_TeaM  VaccinationDone \n Anti Covid 19 Vaccine  \n1st dose DONE \n\nThanX Mr President JoeBiden  \n \n \n \nw Luv \nDigNity \nCouRage \nVacunas \nCovid19 \nQuédateEnCasaYa \nUsaCubrebocas \nBy OsFa  ','2021-07-08',2,96),(692,1412900142072700930,'Ya me tocó vacuna fue el turno de los de 18 \n\n Gran organización me tardé sólo 35 minutos\n\n Gracias Presidente ','2021-07-07',3,96),(693,1412487682467508230,'Vacuna Covid  Cuarentones PrimeraDosis  ','2021-07-06',2,96),(694,1413231133450452997,'OsFa_TeaM  VaccinationDone \n Anti Covid 19 Vaccine  \n1st dose DONE \n\nThanX Mr President JoeBiden  \n \n \n \nw Luv \nDigNity \nCouRage \nVacunas \nCovid19 \nQuédateEnCasaYa \nUsaCubrebocas \nBy OsFa  ','2021-07-08',2,96),(695,1425160298567278597,'VIP  hoy me dejaron entrar al centro de vacunacion en el WTC de chismoso Sino se han vacunado vayan ahí esta vacío tiempo máximo de espera 40 mins ElGordo vᴀᴄᴜɴᴀcᴏᴠɪᴅ19 ExcelenteServcio en WTC México ','2021-08-10',3,96),(696,1412477930798825474,'Finalmente   ','2021-07-06',3,96),(697,1412890008990666753,'Primera dosis de la vacuna puesta No me pusieron a bailar pero si me pegó medio culero la vacuna WTC México ','2021-07-07',3,96),(698,1425114993243140099,'Lista la segunda dosis Mundo ahí te voy en WTC México ','2021-08-10',3,96),(699,1412463404569202700,'Saliendo del Vacuna aztrazeneca \nLes recomienda llenar previamente la hoja de registro exceptuando la sección de lote Vengan comidos y tomen sus medicinas El proceso es rápido Mexico  VacunaCOVID19 ','2021-07-06',3,96),(700,1413230923659743233,'OsFa_TeaM  VaccinationDone \n Anti Covid 19 Vaccine  \n1st dose DONE \n\nThanX Mr President JoeBiden  \n \n \n \nw Luv \nDigNity \nCouRage \nVacunas \nCovid19 \nQuédateEnCasaYa \nUsaCubrebocas \nBy OsFa  ','2021-07-08',2,96),(701,1412866460741996547,'Gracias presidente aplicada mi primer dosis de AstraZeneca excelente organización buena atención Dios lo colme siempre de salud ','2021-07-07',1,96),(702,1413909219770781705,'Alzo la mirada y veo Luz\nvᴀᴄᴜɴᴀcᴏᴠɪᴅ19 vacuna vaccinationdone vaccine hope esperanza luz light humanidad humanity en Pepsi Center WTC ','2021-07-10',3,96),(703,1412457778560454657,'1a Dosis astrazeneca covid_19  BJ cdmx en Centro Internacional de Exposiciones y Convenciones WTC ','2021-07-06',1,96),(704,1413216351091580930,'ᴠᴀᴄᴄɪɴᴇᴅᴀʏ covid Vacunadoooo Centro Internacional de Exposiciones y Convenciones WTC ','2021-07-08',1,96),(705,1412850023327485953,'La base de virus ha sido actualizada\n\nY cuándo siento los superpoderes\n\ncovid_19 cuarentena pandemia wtc cdmx en WTC México ','2021-07-07',3,96),(706,1413890496087351297,'Listo para la 1ra aplicación de la tan esperada vacuna ᵃᵘⁿᵠᵘᵉ ˢᵉᵃ AstraZeneca ojala efectos secundarios como los del Capitán América   ','2021-07-10',3,96),(707,1412416210826842116,'Y entre chisme y vacuna se nos fue la mañana vacunado vacuna en WTC México ','2021-07-06',3,96),(708,1413199993909956612,'Listo primera dosis de vacuna \n\nElbúhoanalista ','2021-07-08',3,96),(709,1412838925811556354,'Listo para mi vacuna primera dosis Astra Zeneca ','2021-07-07',3,96),(710,1413880472208351235,'Primera dosis aplicada Super rápido en Pepsi Center excelente organización  No nos pusieron a bailar por fortuna ','2021-07-10',3,96),(711,1400903264200179716,'Agradecido con el Poder Traer a mis Padres a Recibir su 2ª Dosis de la Vacuna Anti Covid 19 amp Saber que Serán Casi Inmunes   ','2021-06-04',3,96),(712,1413195751774167049,'Vacuna   ','2021-07-08',2,96),(713,1412834823769669636,'Sabes que la primera dosis  de la vacuna contra covid será un éxito porque cuando entras al centro de vacunación suena Lets dance de David Bowie VacunaCOVID19','2021-07-07',2,96),(714,1413859526613344257,'Vacuna anti COVID ','2021-07-10',2,96),(715,1400850962668036102,'Mas tranquila ya tiene su 2da dosis ','2021-06-04',2,96),(716,1413176212801921028,'Listo mi primera dosis de Chip 5G en muy bien organizado todo 35 min de entrada a salida ','2021-07-08',2,96),(717,1412503860862541826,'Por fin me aplicaron la vacuna AstraZeneca Todo bien en WTC México ','2021-07-06',2,96),(718,1400796707651297282,'Vine con María a la vacuna a ambas nos urge un café at in Benito Juárez Distrito Federal ','2021-06-04',2,96),(719,1413126386638901250,'Maestro Alarcón pero que brazote tiene\nDe puro ayudarle al Presidente López Obrador a levantar el país\n \nObligación cívica cumplida 1 dosis en WTC México ','2021-07-08',3,96),(720,1365775662506647554,'Vacuna completa  ','2021-02-27',2,101),(721,1362469878498738183,'Covid','2021-02-18',2,101),(722,1395843743954128897,'Esperando la vacuna con la respectiva sana distancia  ','2021-05-21',2,103),(723,1413544830207205378,'Por la segunda dosis de mi madre   ','2021-07-09',3,103),(724,1378088209188593669,'Esperando a que su mamá salga de su vacuna ','2021-04-02',3,103),(725,1390750603119312902,'Esta es la cara de alguien que acaba de recibir la vacuna\nByeCovid YaSoyRusa ','2021-05-07',3,103),(726,1395830024448655360,'De que se trata llegó a mi hora de cita y resta que no hay dosis para que tanto relajo con sus registros si hacen lo que quieren tengo mi cita a las 15 00hr y son las 14 55 y ya no hay vacunas ','2021-05-21',3,103),(727,1413540323591077896,'Es oficial ya tengo mi segunda dosis de no me dolió ','2021-07-09',3,103),(728,1378085927470432261,'Así el ambiente en la sede de vacunación del Zacatenco en el primer día de vacuna heraldodemexico ','2021-04-02',3,103),(729,1389577862739603463,'liliana_sosa  nuevamente desde la cede zacatenco en el centro cultural jaime torres bodet  aplicando la primera dosis a nuestros chavorrucos \nSaludos ','2021-05-04',1,103),(730,1395086626448101377,'Muchas gracias al por mi vacuna contra covid en la ronda de profesores  en Instituto Politécnico Nacional ','2021-05-19',3,103),(731,1387092810608824320,'Ya estuvo la segunda dosis para mis padres y mi abuela Vacunacion GAM','2021-04-27',3,103),(732,1378051173710716929,'La Lushita ya está vacuna  güey me daba mucha nostalgia y felicidad cada que leía post de que ya habían vacunado a sus familiares y ahora que fue mi abuela pues si se siente súper mega shido ','2021-04-02',3,103),(733,1420022678442979334,'Vibrando alto\npinchecovid covid_19 en Palacio de los Deportes ','2021-07-27',1,112),(734,1417905099708551180,'En la segunda dosis de la vacuna','2021-07-21',3,112),(735,1410701899045744642,'2 dosis       ','2021-07-01',2,112),(736,1416444191530491914,'Vacuna  ','2021-07-17',2,112),(737,1408662266510184451,'Dia de vacuna mirt vᴀᴄᴜɴᴀcᴏᴠɪᴅ19 en Palacio de los Deportes ','2021-06-26',2,112),(738,1419682559026475013,'Primera dosis  Спасибо  sputnik vᴀᴄᴜɴᴀcᴏᴠɪᴅ19 vaccinationdone en Palacio de los Deportes ','2021-07-26',1,112),(739,1417545161677099018,'Recibiendo la 2a dosis de mi vacuna Esta vez bastante mal organizado y las enfermeras se molestaron porque les pedimos nos mostraran las vacunas y como las preparaban en las jeringas tal como lo hicieron en la 1a dosis Muy mal ','2021-07-20',3,112),(740,1416128408271077376,'Recuerdo de mi primera vacuna en pandemia  en Palacio de los Deportes ','2021-07-16',2,112),(741,1408454357734023169,'Gracias a Dios a todos los que gestionaron que la vacuna llegará a mi cuerpo Gracias a mi cottonhead y a su equipo por su esfuerzo Gracias a voluntarios y personal de Salud Felicitaciones por la excelente organización\nVacunada ','2021-06-25',3,112),(742,1419422029871292418,'Doy fe de ya tener implantado mi chip para el control de masas Yo pensaba que míban a dar unas chips de barcel \nvᴀᴄᴜɴᴀcᴏᴠɪᴅ19 vacúnate prro cdmx sputnik matrix en Palacio de los Deportes ','2021-07-25',3,112),(743,1417480805409034242,'Están sacando 2 dosis de 1 ampolleta mesa 50 Palacio  de los Deportes','2021-07-20',2,112),(744,1416069360720961544,'Pánico escénico vacuna time  ','2021-07-16',2,112),(745,1407732573934137345,'Vacuna 12 check \nGrana organización   gracias a mis benditos impuestos','2021-06-23',2,112),(746,1419364257423110144,'Domo de cobre\n\nVaccine covid_19 covid savelives 33años Happy Sputnik URSS Rusia Russia LikeForLike InstaLike CDMX PalaciodelosDeportes México Mexico Sunday SundayFunday en Palacio de los Deportes ','2021-07-25',1,112),(747,1417477343057219597,'Están sacando 2 dosis de 1 ampolleta en la mesa 50 en el Palacio de los Deportes','2021-07-20',3,112),(748,1415689130562969603,'Cumpliendo con mi salud Y como ciudadana  a ver q tan pro nos sentimos  covid19mexico covid19 covidvacccine covidvacuna astrazeneca en Palacio de los Deportes ','2021-07-15',3,112),(749,1407396753335332869,'Ar2COVID\nVacunado 1ra dosis \nProceso ordenado y ágil  en menos de 30 minutos entré y salí Fue un poco molesto que a cada rato me pidieran mi INE y el comprobante de vacunación ya sé que no los aparento pero en unos meses ya estaré en el 4to piso ','2021-06-22',3,112),(750,1416496088127877124,'Llevamos media hora esperando la vacuna en la puerta 7 del Palacio de los Deportes y nos dijeron que se acabaron las vacacunas Qué pasa','2021-07-17',3,112),(751,1418662796057665540,'Vacuna 1ra dosis en Palacio de los Deportes ','2021-07-23',1,112),(752,1414941338185965577,'Vacuna  ','2021-07-13',2,112),(753,1397959085711147015,'Primera dosis lista \nExcelente servicio  ','2021-05-27',1,112),(754,1418600291805523968,'Vacunado ','2021-07-23',2,112),(755,1416493018635542528,'Vacunado  excelente organización cdmx ','2021-07-17',1,112),(756,1413160461210619914,'Vacunado fui confiemos en que no haya mucha molestia','2021-07-08',3,112),(757,1396502230434557952,'Vacunado y con la playera de la gloriosa Maquina de la estoy completamente protegido pues  pedrochvz pacoroji ','2021-05-23',3,112),(758,1480958387349336067,'Por qué aceptamos sin dudar qué la vacuna Covid19 es para que no enfermes de gravedad\n\nUno no escucha eso para otras vacunas Simplemente esperas no enfermar y ya \n\nNadie dice con la vacuna le dará sarampión leve te dará tuberculosis leve A tu perro le dará rabia leve','2022-01-11',3,52),(759,1481061620122103808,'Oye Tu_IMSS deberías URGENTE volver a la separación en clínicas de área covid con los contagios TODOS están revueltos ','2022-01-12',2,52),(760,1481150015271751681,'ChumelTorres De hecho no chumi dijo Omicron haz lo tuyo  y supongo que no ha de tener familiares enfermos de covid','2022-01-12',3,52),(761,1480699173636870145,'Y por jugarle al vergas de último momento se informa que AMLO dio positivo a covid','2022-01-11',3,52),(762,1480956014526566404,'Ya me hice una prueba PCR de covid19 Afortunadamente salí negativo\nTodo fine\nYo sabía que esto solo era una gripe','2022-01-11',3,52),(763,1481051206177128453,'Estuve 4 días así por Covid No es para alarmarse a menos que siga bajando','2022-01-11',3,52),(764,1481124827155116032,'El 14 de trabajadores del Senado están contagiados de covid  vía ','2022-01-12',1,52),(765,1480697207649189894,'Y que salió con Covid19 otra vez descansaremos de sus mañaneras','2022-01-11',3,52),(766,1480916529684398080,'Ni cómo decir Buenos Días En el Centro de Salud Manuel Escontria de San Ángel la fila para pruebas covid ya llega hasta la Calle del Árbol y da vuelta más de un kilómetro de gente formada  Ahí está la bronca de sus eventos masivos Sra Autoridad ','2022-01-11',1,52),(767,1481044756960587780,'SofiGuadarramaC Lo mío no es la venganza ','2022-01-11',3,52),(768,1481100522912423938,'Peor aún que en la misma conferencia dice que si siente síntomas se asuma qué es Covid y evite la prueba El no lo hizo así','2022-01-12',3,52),(769,1480675443414032393,'Güey nunca me ha dado COVID Qué pedo','2022-01-10',3,52),(770,1480770183950221313,'fabianpulidoFA Yo tengo 2 de Sputnik y me fue muy bien','2022-01-11',1,52),(771,1481034995049418755,'Oigan los contagios están brutales No sé si eventualmente todos estaremos con covid todo indica que sí pero a mí me preocupan los pequeños de la casa que aún no tienen vacunas Me acabo de enterar que dos compañeritos de André de la guardería salieron positivos a covid ','2022-01-11',3,52),(772,1481098668480544781,'Y quién contagio a los no vacunados\nPodría haber sido un vacunado asintomático\nUn vacunado que sale sin cubrebocas\nUn vacunado que le dio leve y seguía saliendo\nDe quién nos tenemos que cuidar \nEntonces Qué tiene si esta hospitalizado y no se haya vacunado ','2022-01-12',3,52),(773,1480591733918507008,'Entro a Twitter leo y aunado al tema de salud está en social Para ese no hay vacuna Diría el Buki a dónde vamos a parar NotaMental ReflexionandoAndo','2022-01-10',3,52),(774,1481012075593932809,'Vacunado','2022-01-11',2,52),(775,1480765673118777350,'Cuándo hay campaña para la vacuna de la rabia','2022-01-11',3,52),(776,1481087006491004934,'Espero que el COVID termine bien lo que empezó con el kks  ','2022-01-12',3,52),(777,1480575468587950081,'vampipe La división política de la Cdmx no previene que se estén atendiendo aquí de otros Estados Ni que se hayan vacunado aquí de otros Estados No es muy difícil saber que los datos tanto de vacunados como de hospitalizados incluyen personas foráneas es obvio que no van a coincidir','2022-01-10',3,52),(778,1480725337143136265,'Jajajaja estaríamos mejor con el partido que vende las pruebas de COVID ','2022-01-11',3,52),(779,1480972278921940998,'Cabrakan_MX Jajaja no es conspiración el preguntar es el método científico más básico\n\nY el discurso entorno a las vacunas cobra Covid ha cambiado Es todo\n\nExplicar la generalidad de las vacunas no explica el cambio en el discurso al respecto de esta','2022-01-11',3,52),(780,1481084006405967872,'Deseo que te recuperes pronto del Covid ','2022-01-12',3,52),(781,1480397458530263041,'Cartilla Moral para portarse bien\nDecálogo contra el Covid\nY mañanera para dar atole a los tarados que se la creen','2022-01-10',3,52),(782,1480968892180844557,'MrLotario Igual pasé a la Clínica 8 del IMSS Tizapán San Ángel por mi consulta en Dietología y pude comprobar casos covid Fila para laboratorio saturada  Fila para diagnóstico previo saturada\nSssstá aaabrooooón','2022-01-11',3,52),(783,1481064210738171907,'lopezobrador_ MiguelANavarroQ Urgente retomar la separación de áreas covid en clínicas y hospitales hoy todos revueltos\nEn lugar de dar mensajes acciones carajo ','2022-01-12',3,52),(784,1480710198918627329,'Según AMLO el covid le da solamente a los corruptos entonces   Vaya vaya ','2022-01-11',3,52),(785,1480391340663922689,'Es increíble en 3 años han logrado hartarnos lo que PRI y PAN tardo años \nEl pánico no es al Covid son ustedes los políticos con sus intereses ilegitimos a personas como tu son a las que les tenemos pánico no hay tiempo que no se llegue ni plazo que no se cumpla ','2022-01-10',3,52),(786,1480968237986848769,'Cabrakan_MX No soy antivaxer Sólo que con esta vacuna aceptamos muchas explicaciones que no aceptaríamos para otras vacunas Y las repetimos con tú ahora sin cuestionar','2022-01-11',3,52),(787,1480702659850031112,'Si de veras tiene covid que no le creo al güey la zopi lo cuidaráLo de nalgarit es parte de su propaganda En el México machista que persiste y es mayoría se sigue aplaudiendo a los hombres con 2 ó 3 mujeres No se soportaría a un presidente mayatón','2022-01-11',3,52),(788,1480388689540915200,'ISSSTE_mx Están bien pendejos de mi familia han salido casi 10 con gripe después de sus consultas con médicos particulares y NI UNO les ha mandado a hacer prueba de COVID a pesar de tener más de 3 síntomas Y por pendejos también me refiero a mis familiares jaja','2022-01-10',3,52),(789,1294411364220522509,'En desuso \nPandemicSeries\nFlyingNick \n\n\n\n\n\n\n\n\n\n\n\n\n\n\n\nMexico CDMX MexicoCity CiudadDeMexico VisitMexico  Architecture Arquitectura Urban Photography  art CityLovers covid_19 \nDJI ','2020-08-14',2,78),(790,1413517028711964673,'Primer vacuna   ','2021-07-09',3,78),(791,1370392222575788037,'Vacunación COVID19  ','2021-03-12',2,78),(792,1403394776951623682,'Esperando 1era dosis vacuna Covid_19mx en CampoMarte PfizerBiontech Excelente organización hasta ahora la toma de datos y la espera ','2021-06-11',3,78),(793,1294410964184338432,'En desuso \nPandemicSeries\nFlyingNick \n\n\n\n\n\n\n\n\n\n\n\n\n\n\n\nMexico CDMX MexicoCity CiudadDeMexico VisitMexico  Architecture Arquitectura Urban Photography  art CityLovers covid_19 \nDJI ','2020-08-14',2,78),(794,1368960114619785218,'Lista la vacuna de mi Ma  ','2021-03-08',3,78),(795,1412840022697521156,'Mi segunda dosis de la vacuna aztrazeneca feliz salud fuerza cuidado cubrebocas empatia cdmx mexico en Campo Marte Miguel Hidalgo DF ','2021-07-07',2,78),(796,1403376915088658433,'En menos de 24 min primera dosis de Pfizer Campo Marte\nCovid \n Aplausos','2021-06-11',3,78),(797,1294410409735098368,'En desuso \nPandemicSeries\nFlyingNick \n\n\n\n\n\n\n\n\n\n\n\n\n\n\n\nMexico CDMX MexicoCity CiudadDeMexico VisitMexico  Architecture Arquitectura Urban Photography  art CityLovers covid_19 \nDJI ','2020-08-14',2,78),(798,1412505877358202887,'El PlanNacionalDeVacunación avanza con firmeza la primera dosis vs covid llegó para los que tenemos 30 y más pero no bajemos la guardia YoMeVacuno ','2021-07-06',3,78),(799,1357113319543496704,'Vence al COVID en 10 pasos \nBy Osiris Verá \n\ncovid19 dracovid love life health mindfulness coaching medicine blessed en Estado Mayor Presidencial ','2021-02-03',1,78),(800,1402725715288674306,'Ay wei que bonito de siente ver a la gente feliz por recibir su vacuna contra COVID ','2021-06-09',3,78),(801,1257426142379769858,'Mi último show antes del covid_19 fue una gran noche para todos con soenmusic lunario cdmx concertrock show rock music concert concertphotography photography thelastdance thelastshow ','2020-05-04',1,78),(802,1357112004121669633,'Alguien adornó su locker\nPaciente recuperada de covid 19\n\ncovid19 dracovid love life health mindfulness coaching medicine blessed en Estado Mayor Presidencial ','2021-02-03',3,78),(803,1412447838517317639,'Nos tardamos más en llegar que en recibir la vacuna Fue súper rápido todo el proceso  pero se pasaron mandándonos tan lejos  \n\nmivacuna cuajimalpa campomarte VacunaCOVID19 VacunacionCDMX losde30 ','2021-07-06',3,78),(804,1402635884097323014,'Llegar a la primera dosis de la vacuna contra Covid19 Logro desbloqueado\nExcelente la logística de vacunación','2021-06-09',1,78),(805,1257424759530405892,'Mi último show antes del covid_19 fue una gran noche para todos con soenmusic lunario cdmx concertrock show rock music concert concertphotography photography thelastdance thelastshow ','2020-05-04',1,78),(806,1338282195107131397,'Puedo decir que antes del COVID tuve la oportunidad de abrazar y besar a baby \nAsí que no me ha ido tan mal en esto que llaman vida jajaja en Auditorio Nacional ','2020-12-14',3,78),(807,1412436619660046340,'Como el gimnasio Con foto para que haga efecto  vacunacion \n\nEtapa de vacunación Chavosrucos para primera dosis jajaja  COVID19 ','2021-07-06',3,78),(808,1390846486850777089,'Éramos felices y no lo sabíamos covid quarantine Auditorio Nacional ','2021-05-08',3,78),(809,1257424181660180480,'Mi último show antes del covid_19 fue un gran show para todos con soenmusic lunario cdmx concertrock show rock music concert concertphotography photography thelastdance thelastshow ','2020-05-04',1,78),(810,1403755655991906309,'hoy me toca la primer dosis de la vacuna PfizerBiontech contra el coronavirus una incómoda alegría al estar rodeado de tanta gente en un mismo lugar después de un año y medio de restricciones\ngracias a los millones de mexicanos que pagamos impuestos por hacer esto posible','2021-06-12',3,78),(811,1331023626989137923,'Solito solito por el covid19     pero se ve bien cdmx auditorionacional reformanightwalk nosoyapolancado en Auditorio Nacional ','2020-11-23',3,78),(812,1383082665570562053,'2da dosis','2021-04-16',2,78),(813,1257423639575769089,'Mi último show antes del covid_19 fue un gran show para todos con soenmusic lunario cdmx concertrock show rock music concert concertphotography photography thelastdance thelastshow ','2020-05-04',1,78),(814,1403449495812202500,'Listo inoculación primera dosis \nVacunaCOVID \nXsomosChavos ','2021-06-11',2,78),(815,1300121143446245377,'Domingo  vacaciones  COVID  paseo por Chapultepec  Lago de Chapultepec 2a Seccion ','2020-08-30',2,78),(816,1382753821860929539,' hoy me toco la segunda dosis  ','2021-04-15',3,78),(817,1257423224192761859,'Mi último show antes del covid_19 fue un gran show para todos con soenmusic lunario cdmx concertrock show rock music concert concertphotography photography thelastdance thelastshow ','2020-05-04',1,78),(818,1382041834864705541,'Vamos por la segunda dósis del abuelo','2021-04-13',3,78),(819,1347608933284896770,'Buena forma de empezar el año covid_19  wereamask en Centro De Estudios Navales En Ciencias De La Salud ','2021-01-08',1,83),(820,1376985508962783232,'Feliz porque les toca la vacuna a mis papas  ','2021-03-30',3,83),(821,1384883844449439748,'Muy acertado tu comentario de utilizar vacunas COVID 19 con fines electorales HLGatell MarkoCortes lorenzocordovav callodehacha VicenteFoxQue irmoralesl jrisco ','2021-04-21',3,83),(822,1387462580978044928,' Ahora sí segunda dosis de vacuna\n\nVaccinesWork vaccinated Pfizer PfizerVaccine','2021-04-28',3,83),(823,1345441287105699842,'Chek in Vacuna SARSCOV2 ','2021-01-02',2,83),(824,1376175202514706441,'Esta persona nos trago mal en cencismarina papá entro a su vacuna y no me dejó pasar después de un tiempo me salieron a buscar entro en crisis papá de que se trata   HLGatell  TlalpanAl  gracias ','2021-03-28',3,83),(825,1384370346296446976,'Mis papis 2a dosis check   \nY a seguirnos cuidando   \nVacuna Esperanza Amor\nLosAmo  ','2021-04-20',2,83),(826,1387450224852017157,'Toooodos los que estamos siendo  vacunados hoy\nServicios de la Salud\nSegunda dosis ','2021-04-28',3,83),(827,1343704695928459265,'Ive just got my covidvacccine Besides the fact that Im history in the making I feel safer both to my patients and my family Thank you science Covid_19mx omniainbonum','2020-12-28',1,83),(828,1377346371313754112,'Hoy toca la vacuna a salud  desde las 830 y bueno seguimos  ','2021-03-31',3,83),(829,1375912666066259968,'Atención vine acompañar a mi papá a su vacuna covid  está persona no me dejó entrar le dije que se le olvidan las cosas a mi papá  dijo q no podía pasar  de que se trata ineptos HLGatell si le pasa algo a mi papá lo hago responsable ','2021-03-27',3,83),(830,1385288686015635456,'Le dolió Si pero lo vale \n\ncovid_19 vᴀᴄᴜɴᴀcᴏᴠɪᴅ19 grandma celebration en Centro de Estudios Superiores Navales ','2021-04-22',1,83),(831,1412427545790664706,'Esto si se presume \nPrimera dosis ','2021-07-06',3,90),(832,1413936752688046092,'Sigo sin superar la coreografía post vacuna COVID y la canción de Sálvame de RBD mientras estirábamos los brazos  Qué sigue para los Centennials Bad Bunny ','2021-07-10',3,90),(833,1413145479437639681,'Vacuna primera dosislisto  MiVacuna','2021-07-08',2,90),(834,1415349700765552651,'Segunda dosis GRAN organización dosis de Pfizer ','2021-07-14',1,90),(835,1412409560376152074,'La neta yo esperaba que nos pusieran el Aserejé para bailar en lo de la vacuna  ','2021-07-06',3,90),(836,1412868352867848193,'Por fin Primera dosis AstraZeneca Honestamente no pensé pasaría esto tan pronto jeje Por lo pronto mucho dolor de cabeza pero todo bien  ','2021-07-07',3,90),(837,1413890070273273856,'Ya tengo mi primera dosis de la VacunaCOVID19 \n\nAplauso enorme por la excelente y rápida atención del personal médico  ','2021-07-10',1,90),(838,1415333788285120515,'Te das cuenta que eres chavoruco cuando en el área de espera post vacuna te ponen a Timbiriche para activarte','2021-07-14',3,90),(839,1412399939838226436,'Formado para la primera dosis de la vacuna contra la Covid19\nCuauhtemoc CDMX ','2021-07-06',3,90),(840,1412866413308616706,'Vacunado ','2021-07-07',2,90),(841,1413875310811131908,'1era dosis vacuna COVID19  ','2021-07-10',2,90),(842,1415316639571132420,'Ora en la vacuna en Biblioteca Vasconcelos ','2021-07-14',2,90),(843,1408863285223596033,'AstraZeneca Una biblioteca salva mi vida   ','2021-06-26',3,90),(844,1413874719334576132,'1stshot guajuuu iwasvaccinated astrazeneca en Biblioteca Vasconcelos ','2021-07-10',2,90),(845,1412834661815001098,' Listo para la vacuna ','2021-07-07',3,90),(846,1414196167337029632,'Ayer me vacuné  todo fue muy rápido desde que me formé para entrar hasta que salí solo fueron 20 min No eh tenido síntomas Estoy feliz y muy agradecida \nAstraZeneca','2021-07-11',3,90),(847,1408861129921732617,'Vacunado ','2021-06-26',2,90),(848,1413577895168159745,'No te vayas muy mamon a la vacuna \nYo Quieres ver que si \n\nprimeradosis aztrazeneca  stormtrooper covid_19 ᴠᴀᴄᴄɪɴᴇᴅᴀʏ en Buenavista ','2021-07-09',3,90),(849,1412808774486794245,'Ya tengo mi primera dosis  ','2021-07-07',3,90),(850,1413982756774756356,'Ya estuvo \n\nPrimera dosis de vacuna Astra Zeneca  ','2021-07-10',3,90),(851,1408830564325416963,'Lo chido de la vacuna Entrar otra vez a la Biblioteca Vasconcelos \nLo feo Escuchar Juana la cubana ','2021-06-26',3,90),(852,1413530349133512706,'Vacuna time   ','2021-07-09',2,90),(853,1412795967628316675,'Bueno de algo tiene que servir jaja primera dosis  ','2021-07-07',3,90),(854,1413972927062679552,'La foto para que amarre\n\nvᴀᴄᴜɴᴀcᴏᴠɪᴅ19 1radosis vaccinated covid covid_19 en Biblioteca Vasconcelos ','2021-07-10',3,90),(855,1408533315561443333,'Lista primera dosis de Astra Sin reacciones secundarias por el momento ni dolor en el brazo  a ver mañana si no amanezco así  ','2021-06-25',3,90),(856,1412433307460149249,'Primera dosis  AstraZeneca VacunaCOVID19 vaccination ','2021-07-06',2,90),(857,1413224044988534784,'Ya estufas queridos cómo entre salí \nTenemos vacuna \nOjalá tuviéramos bibliotecas así en todas las colonias ','2021-07-08',3,90),(858,1413953214194622470,'La organización para aplicar la vacuna está a otro nivel\nExcelente servicio \n','2021-07-10',1,90),(859,1408514323748732937,'Chip integrado CDMX BibliotecaVasconcelos AstraZeneca OxfordUniversity vᴀᴄᴜɴᴀcᴏᴠɪᴅ19 YoQueriaLaSputnik en Biblioteca José Vasconcelos ','2021-06-25',2,90),(860,1413215680531337218,'Vaccination day  happy face \n\n\n\nvaccinationdone ᴠᴀᴄᴄɪɴᴇᴅᴀʏ covidvaccine vaccinatedandhappy ᴠᴀᴄᴄɪɴᴇssᴀᴠᴇʟɪᴠᴇs astrazeneca covidshield vaccine mexicocity cdmx mexico gobiernodeméxico gobiernocdmx ','2021-07-08',2,90),(861,1412482640876380161,'Segunda dosis de vacuna AstraZeneca conforme a mi edad y domicilio\n\nRebasamos 60 millones de dosis recibidas yo envasadas en México derivado de plan diseñado por y para contar con portafolios amplio de vacunas a instrucción del Presidente ','2021-07-06',1,92),(862,1413596060585447425,'Aquí en la vacuna    ','2021-07-09',2,92),(863,1423024543401140226,'Le temo a la segunda dosis de astra Zeneca porque en la primera la pasé muy muy mal Pero le temo más al COVID  aquí vamos ','2021-08-04',3,92),(864,1424077255454699523,'Lista la segunda dosis de la vacuna contra el po Covid en Estadio Olímpico Universitario ','2021-08-07',3,92),(865,1423008675732639746,'Partido de vuelta\n2da dosis en Estadio Olímpico Universitario ','2021-08-04',2,92),(866,1411577525923467264,'vacunación covid19 segunda dosis pfizer listo en Estadio Olímpico Universitario ','2021-07-04',3,92),(867,1413566178551795716,'Ya me vacunaron y hasta ahora solo tengo síntomas de una crudita leve pero eso es por las cubas de Bacardí que me empujé ayer\nVacuna de AstraZeneca  siempre te defendí ','2021-07-09',3,92),(868,1424043027564138500,'2a dosis vacuna COVID y nuevo look RebeldesConCausa ','2021-08-07',2,92),(869,1411492498053214210,'vacunación covid19 segunda dosis pfizer listo en Estadio Olimpico Universitario ','2021-07-04',3,92),(870,1422986924206313472,'En la segunda dosis Todo bien pero no es para darle las gracias al presidente ni a Shenbaum','2021-08-04',3,92),(871,1413328656248844293,'El PlanNacionalDeVacunación continúa con éxito por tercer día para los habitantes de La Magdalena Contreras con 2a dosis de 50 a 59 años y 1a dosis de 30 a 39 años \n\nMañana se atenderán a las personas de apellido con N Ñ O P Q y R No olvides llevar el registro impreso ','2021-07-09',3,92),(872,1424027364426670084,'México Pumas Universidad  Vacuna GOOOOOYAAAA   ','2021-08-07',2,92),(873,1422620290761248772,'Hoy inició con orden y gran participación la jornada de Vacunación para aplicar la 2ª dosis de Astra Zeneca a Contrerenses de 40 a 49 años\n\n Del martes 3 al sábado 7 de agosto \n\n Verifica tu cita acude con cubre bocas y con tu comprobante impreso\n ','2021-08-03',3,92),(874,1411370678201163784,'Esquema completo gracias a Dios y a la ciencia    En mi alma mater y con la sinfónica del INJUVE bien padre covid pfizer vscovid  en Estadio Olímpico Universitario ','2021-07-03',3,92),(875,1413192038045126665,'Consiguiendo inmunidad contra sarscov2 no sé pero le hago la lucha con mi segunda dosis de aztrazeneca que tenga buena mano en Estadio Olímpico Universitario ','2021-07-08',3,92),(876,1423367020792397824,'Por fin ya mi segunda dosis\n\n Casi rompo la aguja por ponerme duro pero ya quedó  ','2021-08-05',3,92),(877,1409545659682803728,'Ya protegidos con en segunda dosis VacunasCOVID19 ','2021-06-28',3,92),(878,1422606980032745476,'Lista  segunda dosis AstraZeneca en el Estadio Olímpico de CU con estos excelentes músicos en vivo  Gracias gracias gracias CDMX ','2021-08-03',2,92),(879,1423311422038044682,'2a Dosis Astrazeneca ','2021-08-05',2,92),(880,1413182060982845441,'Vacunado   ','2021-07-08',2,92),(881,1404287670797414402,'horadeconfesiones \nCuarentona Feliz  Ya estoy vacunada  COVID19 AstraZeneca CuartoMilenio ','2021-06-14',3,92),(882,1423282149113745409,'GAD segunda dosis lista por todos los amigos maestros conocidos que no tuvieron esta oportunidad y se los llevó el COVID A seguir cuidándonos VacunaCOVID19 AstraZeneca ','2021-08-05',3,92),(883,1419392197791731715,'This is Florecitu last COVID survivor of the Nostromo signing off en Estadio Olímpico Universitario ','2021-07-25',1,92),(884,1412827289851731973,'Hoy me toco asistir a la primeradosis de la vacuna del covid_19  de 30 a 39 años Todo bien organizado y fluyendo excelente  en Estadio Olímpico Universitario ','2021-07-07',1,92),(885,1403754695383031808,'Excelente organización servicio y calidez humana en la aplicación de la vacuna que hoy me tocó conforme a calendario en AlvaroObregon \n\nGran trabajo del amp en velar por nuestra salud y seguridad ','2021-06-12',2,92),(886,1413642378485936138,'Segunda dosis astrazeneca en Estadio Olímpico Universitario ','2021-07-09',2,92),(887,1423027294172585987,'Feliz de recibir mi 2da Dosis en mi  Magnífica organización atención y rapidez Gracias Claudiashein Sigamos cuidándonos unos a otros\n ','2021-08-04',1,92),(888,1412587560216498178,'Este martes se retomó el Plan Nacional de Vacunación en La Magdalena Contreras aplicando la 1a dosis contra COVID19 para la población de 30 a 39 años y la 2a dosis para la población de 50 a 59 años\n\n Mañana es turno de quienes su primer apellido comience con D E F y G ','2021-07-07',3,92),(889,1403007349128839173,'Un pendiente menos Ahora a sufrir una pinshi ley seca obligatoria vacuna en Estadio Olímpico Universitario ','2021-06-10',3,92),(890,1413636643974696960,'Llegó el día esta tarde recibí la primera dosis de la vacuna contra el COVID19 mi total reconocimiento y agradecimiento a todas y todos los que participan en esta gran labor al gran esfuerzo del y del Sigamos cuidándonos juntos saldremos adelante ','2021-07-09',3,92),(891,1400127777186226185,'COVID19  Aplican segunda dosis a adultos mayores de 60 en CDMX  ','2021-06-02',3,96),(892,1394774105296187394,'La visita anterior fue para estar en un concierto \nHoy es por la vacuna en Pepsi Center WTC ','2021-05-18',3,96),(893,1377776061140893697,'El acceso a personas con silla de ruedas y el módulo para quien necesita una \n\nCOVID vacunacion BenitoJuarez CDMX Mexico GobCDMX ','2021-04-02',3,96),(894,1398416384225382402,'Acompañé a mi hermana a vacunar al y esto parece una fiesta  \n\nVengan todos a vacunarse \n\nVacuna VacunaCOVID19 COVID19 Fiesta PepsiCenter WTC','2021-05-28',3,96),(895,1394745193576996866,'Vacuna at in Benito Juárez Distrito Federal ','2021-05-18',2,96),(896,1397652815905017860,'La Jefa de esta familia ya tiene su primera dosis de vacuna Gracias al trabajo y gestiones tempranas del Gobierno de el Presidente desde hoy dormiremos con más tranquilidad Después de tantos meses de miedo e incertidumbre estamos llegando a la salida del túnel  ','2021-05-26',3,96),(897,1399883005544611840,'Hoy nos tocó la segunda dosis de la vacuna contra el Covid19 y estamos muy felices Vamos avanzando contra la pandemia y nos sentimos más tranquilos   ','2021-06-02',3,96),(898,1377775791883313152,'Hoy vacunaron a mi mamá en la alcaldía MUY grata experiencia\n\nEn este hilo les cuento cómo le fue\n\nCOVID vacunacion BenitoJuarez CDMX Mexico ','2021-04-02',3,96),(899,1377301330906218496,'Mientras en Estados Unidos aplican la vacuna a quien la solicite en la niegan vacuna a adultos mayores que no cuentan con comprobante de domicilio a su nombre FadlalaAkabani TapiaFernanda Absurdo el criterio de vacunación ','2021-03-31',3,96),(900,1394683544765702146,'La vida Hoy hace 1 año falleció mi abuelo de covid y hoy me vacunaron\nBesos hasta el cielo e infinita gratitud  ','2021-05-18',3,96),(901,1397593082426806274,'Hoy me aplicaron la Vacuna eternamente agradecido a todos los doctores as y enfermeras os ue nos siguen cuidado y apoyando en este proceso bendiciones','2021-05-26',3,96),(902,1399819260432584704,'La esperada 2da dosis de mi madre  ','2021-06-01',3,96),(903,1377005705148964867,'Qué chido que el primer concierto postpandemia en el Pepsi Center sea The Vaccines  vacuna COVID19 ','2021-03-30',3,96),(904,1399812549407875082,'Pues esto que el otro salud la mejor forma de esperar a mi Mamá y Tía que salgan de la aplicación de la vacuna ','2021-06-01',3,96),(905,1397337386678427648,'Pues la famosa vacuna no tuvo mayor impacto como sí la movida a ritmo de Conga de Gloria Estefan Gran organización y en 20 minutos todo listo ','2021-05-25',3,96),(906,1377776543175434244,'Felicidades y Gran organización \n\nCOVID vacunacion BenitoJuarez CDMX Mexico ','2021-04-02',1,96),(907,1399788102227533824,'OsFa_MiLy   VaccinationDone  \nThaNk You  Mr President JoeBiden \n4 sharing anti Covid 19 vaccines  w México  \n \n \nw Luv\nDigNity\nCouRage\nVacunas  Covid19 \nQuédateEnCasaYa \nUsaCubrebocas \nBy OsFa  ','2021-06-01',2,96),(908,1346179155776450560,'Haz tu cita con nosotros \nContamos con todas las medidas de seguridad ante el COVID19 en Kovegan ','2021-01-04',3,96),(909,1397222052541706254,'vacunacion COVID19  uno más vacunado','2021-05-25',3,96),(910,1377776378997837825,'Cincuenta minutos aproximadamente y mi mamá estaba vacunada y fuera \n\nCOVID vacunacion BenitoJuarez CDMX Mexico GobCDMX ','2021-04-02',3,96),(911,1342331320664350722,' ℳℯ𝓇𝓇𝓎 𝒞𝒽𝓇𝒾𝓈𝓉𝓂𝒶𝓈   FELIZ NAVIDAD COVID 2020  La Villa de Santa Claus ','2020-12-25',2,96),(912,1399749955460403202,'Ahora si es un desastre de organización lo de la 2a dosis en la ','2021-06-01',3,96),(913,1377776257031622657,'Mi mamá mi Chabelita  En espera \n\nCOVID vacunacion BenitoJuarez CDMX Mexico GobCDMX ','2021-04-02',3,96),(914,1395839134615445504,'Y me han vacunado Dosis única En el Pepsi Center La verdad fue un proceso impresionante rápido  y eficiente\n\nHay que alabar la eficiencia Hay una organización que jamás había visto en México y es obvio que profesionales se encargaron de diseñar los procesos','2021-05-21',3,96),(915,1303758133333045249,'32 millones de vacunas rusas para Covid 19 a Méxicojusto el numero de chairovotantes de menos mal que ellos serán las ratas de experimento y no el otro  que fuimos oposición o simplemente no votaron','2020-09-09',3,96),(916,1398731677195816970,'Si me ven me saludan\n\nEn la fila de la vacuna ','2021-05-29',3,96),(917,1377776193919983617,'Gracias gracias gracias a todo el voluntariado deportistas activistas amas de casa profesores en fin todos \n\nEl espíritu solidario del mexicano es hermoso esto es lo que somos \n\nCOVID vacunacion BenitoJuarez CDMX Mexico GobCDMX ','2021-04-02',3,96),(918,1395823595134271488,'De eso que VACUNADO y muy feliz por eso   De verdad que si así fuéramos para todo otro país sería organización trato orden disposición eficacia amabilidad GRAN trabajo GRACIAS en Pepsi Center WTC ','2021-05-21',3,96),(919,1283969902433509376,'El próximo 1 de agosto las puestas de vinícola se abrirán a los amantes del vino previa reservación para tener accesos controlados destacó su Director durante webinar Enoturismo PostCovid una oportunidad para reinventarnos en la hora del ','2020-07-17',3,96),(920,1395477635073970180,'Muchas gracias a los contribuyentes al al y a ya estoy vacunado\n\nExcelente servicio Felicidades ','2021-05-20',1,96),(921,1249831830163001345,'Comunidad la situación global no es la mejor por eso que combatimos el COVID19 con la pasión que nos une Aquí las MemoriasTVS de la primer edición de GATE BLACK EDITION de cygnuspresenta con para ','2020-04-13',3,112),(922,1367869683765030913,'Mi mamá ya tiene la primera dosis  ','2021-03-05',3,112),(923,1283216254694760448,'El anti covid jaja en Palacio de los Deportes ','2020-07-15',1,112),(924,1379479916434046977,'Esperando a que mi padre reciba su vacuna  \n\nNo nos confiaremos y seguiremos tomando medidas de seguridad pero  el estrés bajará un poco \n\nEspero pronto vacunen a mi madre y ahora si podré estar un poco menos tenso','2021-04-06',3,112),(925,1272985970846035969,'Si no hubiéramos vivido la Pandemia mundial del Coronavirus Covid_19  cuál creen ustedes que hubiera sido el cartel de Corona Capital 2020 CorononaCapital CC2020 C20 \n\nCC20 te voy a extrañar este año \n\nY tú qué me lees cuál hubiera sido el cartel ','2020-06-16',3,112),(926,1378418342642520064,'Alc_Iztapalapa VacunaCOVID19 vaccine vacuna vacunacion ','2021-04-03',2,112),(927,1244715013161521152,'Señores señoritas esto es asombroso Apenas un par de semana sin tanta gente en las calles y la naturaleza se apoderada de todo de nuevo Por fin salió la tortuga del palacio covid_19mexico QuedateEnCasaYa YoMeQuedoEnCasa CuarentenaPositiva ','2020-03-30',1,112),(928,1365685230267486210,'FelizSabado Bien organizada la aplicación de vacuna a adultos mayores La entrada en auto es rápida hay estacionamiento y zona de espera ','2021-02-27',3,112),(929,1239768268887314433,'Sin duda alguna fue un ViveLatino atípico\n\nJamás pensé volverme a reencontrar con mis amigos de la prepa tantos recuerdos tantas cosas  Covid19  Rock \n\nSi me contagio de coronavirus que quede acentado ','2020-03-17',3,112),(930,1373714531290124288,'Estrategia Nacional de Vacunación Segunda aplicación de Sputnik V en Iztacalco ','2021-03-21',2,112),(931,1270744718054264833,'Juntos\nTogether\ncovid_19 coronavirus juntos together nikerunning nikerunclub nrc running runningméxico running \nSoundtrack Come Together by Primal Scream en Palacio de los Deportes ','2020-06-10',1,112),(932,1365327520233619456,'Vacunación  COVID IZTACALCO CDMX\n1 Si NO TIENES CITA llegar a hacer fila te dan una ficha\n2 Registro de datos \n3 Pasas a la sección de espera \n4 Aplicación de vacuna \n5 Pasas al área de observación y registro para 2da dosis\n\n1 hr 15 min duración del proceso ','2021-02-26',3,112),(933,1239110923320688640,'Para cerrar el escenario principal del gunsnroses se apoderó del público con una buena dosis de rock \nVL20 ','2020-03-15',1,112),(934,1372566473059799040,'Segunda dosis de la vacuna en Palacio de los Deportes ','2021-03-18',1,112),(935,1269998233855508484,'Rimas Covid19\nCovid19 Rhymes\ncoronavirus covid_19 molotov rojo red running runningmexico nrc nikerunclub nikerunning nikerun \nSoundtrack Free City Rhymes by Sonic Youth en Palacio de los Deportes ','2020-06-08',1,112),(936,1365005060489551875,'La MOM ya tiene su primera dosis de la vacuna en Palacio de los Deportes ','2021-02-25',1,112),(937,1238552166220148736,'Pues sí jugaron con mis sentimientos pero igual y aquí en el ForoSol recordarte es un hermoso lugar GraciasTotales Covid_19 Viernes13 CDMXrespira PandemiaMundial  ','2020-03-13',3,112),(938,1284176183735783433,'Square HamerGhost\nSe acuerda de ese concierto donde un hombre tenía covid y todos temían por su vida \nPues yo  estaba tocando ahí  \nLo sé tenía miedo \n\nPero espero pronto sacar un cover de esta canción en Palacio ','2020-07-17',3,112);
/*!40000 ALTER TABLE `Tweets` ENABLE KEYS */;
UNLOCK TABLES;
/*!40103 SET TIME_ZONE=@OLD_TIME_ZONE */;

/*!40101 SET SQL_MODE=@OLD_SQL_MODE */;
/*!40014 SET FOREIGN_KEY_CHECKS=@OLD_FOREIGN_KEY_CHECKS */;
/*!40014 SET UNIQUE_CHECKS=@OLD_UNIQUE_CHECKS */;
/*!40101 SET CHARACTER_SET_CLIENT=@OLD_CHARACTER_SET_CLIENT */;
/*!40101 SET CHARACTER_SET_RESULTS=@OLD_CHARACTER_SET_RESULTS */;
/*!40101 SET COLLATION_CONNECTION=@OLD_COLLATION_CONNECTION */;
/*!40111 SET SQL_NOTES=@OLD_SQL_NOTES */;

-- Dump completed on 2022-01-19 14:04:30
